NAME,POS,TEAM,PPR_PTS,CMP,ATT,PASS_YDS,PASS_TD,INT,RUSH,RUSH_YDS,RUSH_TD,TGT,REC,REC_YDS,REC_TD
Josh Allen,QB,BUF,377.7,381,562,4193,28,8.8,133,615,9.8,0,0,0,0
Jayden Daniels,QB,WAS,376.6,380,553,4269,27.5,9.6,150,855,6.1,0,0,0,0
Lamar Jackson,QB,BAL,374.9,377,527,4446,28.5,8.3,150,844,3.6,0,0,0,0
Jalen Hurts,QB,PHI,343.9,321,457,3800,25,7.4,155,687,7.4,0,0,0,0
Joe Burrow,QB,CIN,336.6,439,630,4999,30.6,9.8,64,280,2.8,0,0,0,0
Bo Nix,QB,DEN,322.9,415,612,4385,26.6,12.8,101,458,4.4,0,0,0,0
Patrick Mahomes,QB,KC,321.8,420,597,4232,28.9,12.1,78,455,3.3,0,0,0,0
Justin Herbert,QB,LAC,313,399,582,4423,25.1,9.1,85,406,3.8,0,0,0,0
Brock Purdy,QB,SF,311.6,386,545,4567,25.2,14.4,87,368,4.3,0,0,0,0
Baker Mayfield,QB,TB,308.7,396,578,4623,27.4,15.9,75,368,3,0,0,0,0
Kyler Murray,QB,ARI,305,390,550,4116,23.4,13.7,97,617,3,0,0,0,0
Caleb Williams,QB,CHI,294,362,546,3792,24.1,8.8,102,559,2.5,0,0,0,0
C.J. Stroud,QB,HOU,293,390,581,4622,22.4,11.8,75,330,2.8,0,0,0,0
Trevor Lawrence,QB,JAC,287.6,392,570,4464,23.6,12.7,72,288,3.7,0,0,0,0
Drake Maye,QB,NE,281.6,379,549,3715,23.3,16.8,107,665,2.6,0,0,0,0
Dak Prescott,QB,DAL,280.1,424,616,4618,25.1,13.7,49,156,2.3,0,0,0,0
Bryce Young,QB,CAR,277.7,372,555,4089,21.4,12.3,78,378,3.8,0,0,0,0
Jared Goff,QB,DET,272.2,391,557,4551,25.3,13.9,49,99,2.3,0,0,0,0
Geno Smith,QB,LV,267.4,404,566,4335,21.5,13.8,61,288,2.2,0,0,0,0
Matthew Stafford,QB,LAR,266.9,363,532,4077,26.9,8.7,50,110,1.1,0,0,0,0
Jordan Love,QB,GB,262.6,361,532,4242,25.1,16,54,165,2.2,0,0,0,0
J.J. McCarthy,QB,MIN,262.5,359,521,4125,19.9,11.8,78,301,2.6,0,0,0,0
Justin Fields,QB,NYJ,260,306,458,3018,16.7,10.4,137,655,6.1,0,0,0,0
Cam Ward,QB,TEN,250,384,564,4029,20.6,12.4,79,239,2,0,0,0,0
Aaron Rodgers,QB,PIT,248.3,364,512,3887,22.9,8.2,51,201,1.1,0,0,0,0
Sam Darnold,QB,SEA,234.6,325,476,3411,21.1,10.4,68,267,2.6,0,0,0,0
Tua Tagovailoa,QB,MIA,226.7,338,500,3782,21.4,7.9,38,104,0.7,0,0,0,0
Daniel Jones,QB,IND,220.4,267,395,2964,15.6,8.2,94,378,5.2,0,0,0,0
Michael Penix Jr.,QB,ATL,219.7,332,500,3691,19.4,13.5,58,120,3.1,0,0,0,0
Russell Wilson,QB,NYG,184,260,381,2774,14.6,5.9,46,189,2.5,0,0,0,0
Tyler Shough,QB,NO,161.6,242,356,2474,12.1,8.3,55,196,1.5,0,0,0,0
Kenny Pickett,QB,CLE,140.6,234,350,2351,11.2,7.4,41,100,1.9,0,0,0,0
Anthony Richardson,QB,IND,61.6,90,133,999,5.3,5.8,11,41,0.5,0,0,0,0
Jaxson Dart,QB,NYG,60.2,87,128,925,4.3,2.6,22,85,0.5,0,0,0,0
Spencer Rattler,QB,NO,54.6,114,167,1160,4.8,4.1,10,42,0.2,0,0,0,0
Zach Wilson,QB,MIA,45.2,67,99,751,4.4,2.4,2,-2,0,0,0,0,0
Dillon Gabriel,QB,CLE,44.1,66,98,662,3.2,2.1,17,71,0.5,0,0,0,0
Joe Flacco,QB,CLE,35.9,68,102,679,3.4,3.1,4,6,0.1,0,0,0,0
Jalen Milroe,QB,SEA,31.4,36,53,377,2.2,1.1,16,70,0.4,0,0,0,0
Sam Howell,QB,MIN,23.8,35,51,405,1.9,1.2,6,15,0.2,0,0,0,0
Jameis Winston,QB,NYG,20.9,38,56,406,1.8,1.3,4,10,0.1,0,0,0,0
Tyrod Taylor,QB,NYJ,17.1,34,52,338,1.8,1,4,9,0.1,0,0,0,0
Mac Jones,QB,SF,12.2,18,25,209,1.2,0.9,1,1,0,0,0,0,0
Mason Rudolph,QB,PIT,12,16,22,170,1.1,0.8,1,2,0,0,0,0,0
Kirk Cousins,QB,ATL,10.1,17,25,187,1,0.8,1,1,0,0,0,0,0
Shedeur Sanders,QB,CLE,9.9,16,23,160,0.8,0.5,3,11,0.1,0,0,0,0
Jake Browning,QB,CIN,3.3,4,6,45,0.3,0.1,1,3,0,0,0,0,0
Davis Mills,QB,HOU,3.1,4,6,46,0.2,0.1,2,4,0,0,0,0,0
Kyle Trask,QB,TB,2.9,4,6,49,0.2,0.1,1,2,0,0,0,0,0
Jarrett Stidham,QB,DEN,2.8,4,6,43,0.2,0.1,1,2,0,0,0,0,0
Taylor Heinicke,QB,LAC,2.8,4,6,44,0.3,0.1,1,2,0,0,0,0,0
Cooper Rush,QB,BAL,2.7,4,6,52,0.3,0.1,0,0,0,0,0,0,0
Mitch Trubisky,QB,BUF,2.7,4,6,45,0.3,0.1,0,0,0,0,0,0,0
Nick Mullens,QB,JAC,2.7,4,6,46,0.3,0.1,1,2,0,0,0,0,0
Marcus Mariota,QB,WAS,2.6,4,6,46,0.3,0.1,0,0,0,0,0,0,0
Gardner Minshew II,QB,KC,2.6,4,6,44,0.3,0.1,0,0,0,0,0,0,0
Joe Milton III,QB,DAL,2.6,4,6,42,0.2,0.1,0,0,0,0,0,0,0
Hendon Hooker,QB,DET,2.6,4,6,48,0.3,0.1,0,0,0,0,0,0,0
Jimmy Garoppolo,QB,LAR,2.5,4,6,47,0.3,0.1,0,0,0,0,0,0,0
Malik Willis,QB,GB,2.5,4,5,41,0.2,0.1,0,1,0,0,0,0,0
Tyson Bagent,QB,CHI,2.4,4,6,39,0.2,0.1,1,1,0,0,0,0,0
Tanner McKee,QB,PHI,2.4,4,6,51,0.3,0.1,0,0,0,0,0,0,0
Aidan O’Connell,QB,LV,2.3,4,6,44,0.2,0.1,0,0,0,0,0,0,0
Jacoby Brissett,QB,ARI,2.3,4,5,39,0.2,0.1,0,0,0,0,0,0,0
Andy Dalton,QB,CAR,2.2,4,6,42,0.2,0.1,0,0,0,0,0,0,0
Drew Lock,QB,SEA,2.2,4,5,37,0.2,0.1,0,1,0,0,0,0,0
Brandon Allen,QB,TEN,2.2,4,6,41,0.2,0.1,0,1,0,0,0,0,0
Joshua Dobbs,QB,NE,2,4,5,37,0.2,0.1,0,0,0,0,0,0,0
Devin Leary,QB,BAL,0.2,0,0,3,0,0,0,0,0,0,0,0,0
John Wolford,QB,JAC,0.2,0,0,3,0,0,0,0,0,0,0,0,0
Quinn Ewers,QB,MIA,0.2,0,0,2,0,0,0,0,0,0,0,0,0
Will Grier,QB,DAL,0.2,0,0,2,0,0,0,0,0,0,0,0,0
Stetson Bennett,QB,LAR,0.2,0,0,3,0,0,0,0,0,0,0,0,0
Trey Lance,QB,LAC,0.2,0,0,2,0,0,0,0,0,0,0,0,0
Kyle Allen,QB,DET,0.2,0,0,3,0,0,0,0,0,0,0,0,0
Mike White,QB,BUF,0.2,0,0,3,0,0,0,0,0,0,0,0,0
Michael Pratt,QB,TB,0.2,0,0,3,0,0,0,0,0,0,0,0,0
Bailey Zappe,QB,KC,0.2,0,0,2,0,0,0,0,0,0,0,0,0
Tommy DeVito,QB,NYG,0.2,0,0,3,0,0,0,0,0,0,0,0,0
Kurtis Rourke,QB,SF,0.2,0,0,3,0,0,0,0,0,0,0,0,0
Sam Ehlinger,QB,DEN,0.2,0,0,3,0,0,0,0,0,0,0,0,0
Desmond Ridder,QB,CIN,0.2,0,0,3,0,0,0,0,0,0,0,0,0
Dorian Thompson-Robinson,QB,PHI,0.2,0,0,3,0,0,0,0,0,0,0,0,0
Will Howard,QB,PIT,0.1,0,0,2,0,0,0,0,0,0,0,0,0
Tommy Mellott,QB,LV,0.1,0,0,3,0,0,0,0,0,0,0,0,0
Case Keenum,QB,CHI,0.1,0,0,2,0,0,0,0,0,0,0,0,0
Ben Wooldridge,QB,NE,0.1,0,0,2,0,0,0,0,0,0,0,0,0
Sam Hartman,QB,WAS,0.1,0,0,3,0,0,0,0,0,0,0,0,0
Jake Haener,QB,NO,0.1,0,0,2,0,0,0,0,0,0,0,0,0
Kyle McCord,QB,PHI,0.1,0,0,3,0,0,0,0,0,0,0,0,0
Brett Rypien,QB,MIN,0.1,0,0,3,0,0,0,0,0,0,0,0,0
Jack Plummer,QB,CAR,0.1,0,0,2,0,0,0,0,0,0,0,0,0
Clayton Tune,QB,ARI,0.1,0,0,3,0,0,0,0,0,0,0,0,0
Skylar Thompson,QB,PIT,0.1,0,0,2,0,0,0,0,0,0,0,0,0
Easton Stick,QB,ATL,0.1,0,0,2,0,0,0,0,0,0,0,0,0
Josh Johnson,QB,WAS,0.1,0,0,3,0,0,0,0,0,0,0,0,0
Sean Clifford,QB,GB,0.1,0,0,3,0,0,0,0,0,0,0,0,0
Adrian Martinez,QB,NYJ,0.1,0,0,2,0,0,0,0,0,0,0,0,0
Derrick Henry,RB,BAL,282.1,0,0,0,0,0,275,1510,13.2,30,23,212,1.4
Saquon Barkley,RB,PHI,291.2,0,0,0,0,0,287,1584,10.1,46,35,279,1.7
Bijan Robinson,RB,ATL,305.3,0,0,0,0,0,276,1357,11.2,68,52,415,1.7
Josh Jacobs,RB,GB,278.2,0,0,0,0,0,285,1326,10.1,53,40,363,1.7
Christian McCaffrey,RB,SF,298.7,0,0,0,0,0,244,1137,7.9,79,61,587,3.4
Jahmyr Gibbs,RB,DET,289.7,0,0,0,0,0,243,1289,9.4,68,52,425,2
Ashton Jeanty,RB,LV,290,0,0,0,0,0,267,1298,6.9,73,56,475,2.7
Bucky Irving,RB,TB,277.5,0,0,0,0,0,242,1247,8.3,57,44,453,2.5
Devon Achane,RB,MIA,303.5,0,0,0,0,0,219,977,8.3,97,74,618,3.6
Chase Brown,RB,CIN,267.7,0,0,0,0,0,254,1173,7,67,51,435,2.6
James Cook,RB,BUF,258.2,0,0,0,0,0,234,1168,8.1,60,46,372,1.9
Jonathan Taylor,RB,IND,238.5,0,0,0,0,0,297,1408,7.4,38,29,194,1
Kenneth Walker III,RB,SEA,257.5,0,0,0,0,0,252,1164,7,63,48,391,2.3
James Conner,RB,ARI,244.9,0,0,0,0,0,205,984,10.3,55,42,344,1.5
Breece Hall,RB,NYJ,250.6,0,0,0,0,0,235,1069,6.3,69,53,424,2
Kyren Williams,RB,LAR,221.1,0,0,0,0,0,268,1210,8.8,31,24,149,1.6
Joe Mixon,RB,HOU,242.3,0,0,0,0,0,220,1000,8.2,61,47,353,2.1
Alvin Kamara,RB,NO,253.9,0,0,0,0,0,177,814,6,93,71,541,2.1
Chuba Hubbard,RB,CAR,218.5,0,0,0,0,0,211,1033,7.5,51,39,232,1.4
Omarion Hampton,RB,LAC,217.4,0,0,0,0,0,209,940,6.8,51,39,312,2.1
Brian Robinson Jr.,RB,WAS,191.7,0,0,0,0,0,204,930,7.6,32,24,224,1.2
D’Andre Swift,RB,CHI,201.9,0,0,0,0,0,247,1065,5,47,36,272,0.6
Isiah Pacheco,RB,KC,207.9,0,0,0,0,0,204,900,5.8,55,42,324,1.8
RJ Harvey,RB,DEN,201,0,0,0,0,0,190,813,5.4,56,43,320,2.2
Aaron Jones,RB,MIN,190.1,0,0,0,0,0,167,786,7.6,43,33,243,1.6
Tony Pollard,RB,TEN,198.1,0,0,0,0,0,206,952,5.1,53,41,270,0.9
David Montgomery,RB,DET,168.1,0,0,0,0,0,148,689,7.1,37,28,257,0.7
Kaleb Johnson,RB,PIT,163.1,0,0,0,0,0,196,785,5.4,35,27,182,1.3
Jordan Mason,RB,MIN,154,0,0,0,0,0,161,781,6.2,27,21,150,0.7
Jaylen Warren,RB,PIT,173.9,0,0,0,0,0,135,610,2.4,62,47,400,2.1
Rhamondre Stevenson,RB,NE,148.7,0,0,0,0,0,150,666,6.3,29,22,159,1.2
Travis Etienne Jr.,RB,JAC,168.2,0,0,0,0,0,143,629,2.9,56,43,347,1.8
Tyjae Spears,RB,TEN,164.4,0,0,0,0,0,110,488,4.9,55,43,366,1.3
TreVeyon Henderson,RB,NE,152.7,0,0,0,0,0,141,606,4.3,41,32,250,1.7
Tyrone Tracy Jr.,RB,NYG,150.2,0,0,0,0,0,161,747,2.7,42,32,224,1
Tank Bigsby,RB,JAC,129.6,0,0,0,0,0,151,703,5.8,19,14,94,0.3
Nick Chubb,RB,HOU,132.1,0,0,0,0,0,135,609,5.4,25,19,158,0.8
Najee Harris,RB,LAC,135.3,0,0,0,0,0,129,574,3.5,37,29,237,0.9
Dylan Sampson,RB,CLE,128.5,0,0,0,0,0,142,603,4.1,29,22,163,0.9
Rachaad White,RB,TB,135.1,0,0,0,0,0,109,497,3.3,40,31,263,1.5
Trey Benson,RB,ARI,120.2,0,0,0,0,0,155,682,3.7,22,17,124,0.4
Austin Ekeler,RB,WAS,140.5,0,0,0,0,0,97,441,2,54,41,356,1.5
Cam Skattebo,RB,NYG,125.2,0,0,0,0,0,119,525,3.2,34,26,203,1.3
Javonte Williams,RB,DAL,132.9,0,0,0,0,0,107,458,3.7,46,35,248,1
Rico Dowdle,RB,CAR,117.2,0,0,0,0,0,128,615,2.7,26,20,149,0.9
Quinshon Judkins,RB,CLE,111.9,0,0,0,0,0,119,521,3.5,26,20,145,0.8
Tyler Allgeier,RB,ATL,101.1,0,0,0,0,0,134,645,3.1,13,10,78,0.2
Roschon Johnson,RB,CHI,105.4,0,0,0,0,0,82,367,6.6,19,15,120,0.5
Isaac Guerendo,RB,SF,104.4,0,0,0,0,0,116,503,3.9,20,16,133,0.5
Ray Davis,RB,BUF,108.2,0,0,0,0,0,108,493,2.3,27,21,180,1.2
Elijah Mitchell,RB,KC,104.8,0,0,0,0,0,94,428,3.3,27,20,155,1.1
Zach Charbonnet,RB,SEA,108.1,0,0,0,0,0,90,416,3.4,31,24,184,0.7
Miles Sanders,RB,DAL,109.9,0,0,0,0,0,89,392,2.2,38,29,220,1.2
J.K. Dobbins,RB,DEN,107.8,0,0,0,0,0,93,436,2.3,36,28,178,1
Jaylen Wright,RB,MIA,90.7,0,0,0,0,0,120,525,2,17,13,105,0.6
Raheem Mostert,RB,LV,93.5,0,0,0,0,0,91,408,3.2,23,17,143,0.5
Blake Corum,RB,LAR,86.5,0,0,0,0,0,103,445,3.5,15,11,88,0.3
Jaydon Blue,RB,DAL,89,0,0,0,0,0,72,291,2.1,28,21,188,1.2
Jerome Ford,RB,CLE,84.4,0,0,0,0,0,84,405,1.8,24,18,137,0.3
Trey Sermon,RB,PIT,75.2,0,0,0,0,0,82,358,3.3,14,11,70,0.4
Braelon Allen,RB,NYJ,80,0,0,0,0,0,89,411,1.6,22,17,120,0.3
Devin Singletary,RB,NYG,75,0,0,0,0,0,84,377,2.5,16,12,95,0.2
Bhayshul Tuten,RB,JAC,77,0,0,0,0,0,82,330,2.6,19,14,99,0.7
AJ Dillon,RB,PHI,67,0,0,0,0,0,78,386,1.6,12,9,68,0.5
MarShawn Lloyd,RB,GB,71.9,0,0,0,0,0,69,292,2.1,20,15,118,0.7
Emanuel Wilson,RB,GB,67.5,0,0,0,0,0,73,349,1.8,14,11,87,0.5
Zack Moss,RB,CIN,69.5,0,0,0,0,0,56,238,2.3,20,16,133,0.6
Kendre Miller,RB,NO,61.7,0,0,0,0,0,66,303,2,13,10,85,0.3
Cam Akers,RB,NO,57.3,0,0,0,0,0,63,290,1.9,12,9,61,0.4
Justice Hill,RB,BAL,73.8,0,0,0,0,0,24,111,0.2,35,27,251,1.7
Keaton Mitchell,RB,BAL,43.6,0,0,0,0,0,54,268,1.6,4,3,32,0.2
Antonio Gibson,RB,NE,46.4,0,0,0,0,0,52,241,0.7,12,9,79,0.3
Kalel Mullings,RB,TEN,46.5,0,0,0,0,0,47,193,1.4,12,10,64,0.5
Deuce Vaughn,RB,DAL,40.1,0,0,0,0,0,62,243,1.5,5,4,31,0.1
Damien Martinez,RB,SEA,44.1,0,0,0,0,0,46,196,1.3,11,8,58,0.4
Kareem Hunt,RB,KC,41,0,0,0,0,0,40,173,1.9,7,6,45,0.4
Jarquez Hunter,RB,LAR,41.4,0,0,0,0,0,46,185,1.4,9,7,49,0.4
DJ Giddens,RB,IND,41.1,0,0,0,0,0,47,187,1.4,9,7,47,0.3
Sean Tucker,RB,TB,36.8,0,0,0,0,0,45,196,1.7,5,4,32,0.1
Brock Lampe,RB,NE,57.6,0,0,0,0,0,14,46,0.4,34,26,167,1.4
Audric Estime,RB,DEN,34.8,0,0,0,0,0,46,197,1.1,6,5,34,0.1
Ollie Gordon II,RB,MIA,38,0,0,0,0,0,40,161,1,10,8,55,0.4
Kyle Juszczyk,RB,SF,51.4,0,0,0,0,0,10,37,0.5,29,23,177,0.8
Trevor Etienne,RB,CAR,33.1,0,0,0,0,0,35,144,1.1,8,6,43,0.3
Hunter Luepke,RB,DAL,38.7,0,0,0,0,0,25,100,1,16,12,93,0.3
Tahj Brooks,RB,CIN,33.8,0,0,0,0,0,32,130,1,10,7,54,0.3
Ty Johnson,RB,BUF,33.2,0,0,0,0,0,16,77,0.3,13,10,94,0.8
Alec Ingold,RB,MIA,38.7,0,0,0,0,0,15,49,0.6,20,16,123,0.5
Ty Chandler,RB,MIN,25.2,0,0,0,0,0,37,169,0,5,4,35,0.2
Khalil Herbert,RB,IND,22.4,0,0,0,0,0,24,112,1,3,2,20,0.1
Woody Marks,RB,HOU,24.2,0,0,0,0,0,27,110,0.7,6,4,31,0.2
Craig Reynolds,RB,DET,23.4,0,0,0,0,0,33,158,0,5,4,34,0.1
Will Shipley,RB,PHI,20.1,0,0,0,0,0,41,170,0.3,1,1,5,0
Patrick Ricard,RB,BAL,35.3,0,0,0,0,0,2,6,0.1,21,17,117,1.1
Michael Burton,RB,DEN,28.5,0,0,0,0,0,10,39,0.4,14,10,82,0.6
Cordarrelle Patterson,RB,PIT,19,0,0,0,0,0,29,130,0.4,3,2,16,0.1
Velus Jones Jr.,RB,NO,19.7,0,0,0,0,0,24,102,0.7,4,3,20,0.1
Devin Neal,RB,NO,19,0,0,0,0,0,22,89,0.7,4,3,20,0.1
Pierre Strong Jr.,RB,CLE,19.2,0,0,0,0,0,28,124,0,5,4,29,0.1
Carlos Washington,RB,ATL,16.5,0,0,0,0,0,21,84,0.7,3,2,13,0.1
Carson Steele,RB,KC,17.9,0,0,0,0,0,21,82,0.5,5,4,25,0.1
Jordan James,RB,SF,16,0,0,0,0,0,20,82,0.7,3,2,14,0.1
Scott Matlock,RB,LAC,29.1,0,0,0,0,0,1,5,0,20,16,106,0.4
Kyle Monangai,RB,CHI,15.5,0,0,0,0,0,19,78,0.6,3,2,14,0.1
Troy Hairston,RB,CLE,22.2,0,0,0,0,0,5,17,0.1,13,9,82,0.4
Jeremy McNichols,RB,WAS,13.1,0,0,0,0,0,14,66,0.4,3,2,16,0.1
Emari Demercado,RB,ARI,14.4,0,0,0,0,0,14,72,0,5,4,27,0.1
Sincere McCormick,RB,LV,12,0,0,0,0,0,15,62,0.4,2,2,12,0.1
Hassan Haskins,RB,LAC,12.2,0,0,0,0,0,10,42,0.5,3,3,20,0.1
C.J. Ham,RB,MIN,18.8,0,0,0,0,0,4,15,0.2,12,9,55,0.2
Isaiah Davis,RB,NYJ,11.1,0,0,0,0,0,17,69,0,3,2,16,0.1
Andrew Beck,RB,NYJ,15.3,0,0,0,0,0,1,2,0,11,7,58,0.3
Kenneth Gainwell,RB,PIT,9.4,0,0,0,0,0,11,48,0.1,3,2,17,0.1
Tyler Goodson,RB,IND,7.5,0,0,0,0,0,9,42,0.1,2,1,9,0.1
Zamir White,RB,LV,5.7,0,0,0,0,0,9,41,0.2,0,0,3,0
Alexander Mattison,RB,MIA,6,0,0,0,0,0,7,29,0.3,1,1,6,0
Jakob Johnson,RB,HOU,6.7,0,0,0,0,0,0,1,0,4,3,23,0.2
Darrynton Evans,RB,BUF,3.5,0,0,0,0,0,4,17,0.1,0,0,4,0
Jacory Croskey-Merritt,RB,WAS,3.5,0,0,0,0,0,4,18,0.1,1,1,3,0
Samaje Perine,RB,CIN,4.1,0,0,0,0,0,3,13,0.1,1,1,9,0
Jashaun Corbin,RB,ATL,3.2,0,0,0,0,0,4,16,0.1,0,0,3,0
Elijah Dotson,RB,ATL,3.1,0,0,0,0,0,4,15,0.1,0,0,3,0
Corey Kiner,RB,SF,3.1,0,0,0,0,0,4,16,0.1,0,0,3,0
Deion Hankins,RB,CHI,3.1,0,0,0,0,0,4,16,0.1,1,0,3,0
Jermar Jefferson,RB,TEN,2.7,0,0,0,0,0,4,16,0.2,0,0,0,0
Tre Stewart,RB,MIN,3,0,0,0,0,0,3,14,0.1,1,0,2,0
Marcus Major,RB,BAL,2.6,0,0,0,0,0,3,14,0.1,0,0,2,0
Frank Gore Jr.,RB,BUF,2.9,0,0,0,0,0,3,13,0.1,0,0,3,0
Nate Noel,RB,MIA,2.9,0,0,0,0,0,4,14,0.1,1,0,3,0
Kye Robichaux,RB,DET,2.4,0,0,0,0,0,4,15,0.1,0,0,0,0
Emani Bailey,RB,CAR,2.7,0,0,0,0,0,3,13,0.1,0,0,3,0
Kenny McIntosh,RB,SEA,2.6,0,0,0,0,0,5,20,0,0,0,3,0
Julius Chestnut,RB,TEN,2.3,0,0,0,0,0,4,16,0.1,0,0,0,0
Donovan Edwards,RB,NYJ,2.6,0,0,0,0,0,3,14,0.1,1,0,3,0
George Holani,RB,SEA,2.5,0,0,0,0,0,5,19,0,0,0,3,0
Lan Larison,RB,NE,2.5,0,0,0,0,0,3,13,0.1,0,0,2,0
Cody Schrader,RB,LAR,2.5,0,0,0,0,0,3,13,0.1,0,0,2,0
Patrick Taylor,RB,SF,2.4,0,0,0,0,0,3,13,0.1,0,0,3,0
Ronnie Rivers,RB,LAR,2.4,0,0,0,0,0,4,18,0,0,0,3,0
Dylan Laube,RB,LV,2,0,0,0,0,0,4,15,0.1,0,0,0,0
Gary Brightwell,RB,CIN,2.4,0,0,0,0,0,3,11,0.1,0,0,3,0
Josh Williams,RB,TB,2,0,0,0,0,0,3,14,0.1,0,0,0,0
Ahmani Marshall,RB,CLE,1.9,0,0,0,0,0,3,13,0.1,0,0,0,0
Jaret Patterson,RB,LAC,1.9,0,0,0,0,0,3,13,0.1,0,0,0,0
Nyheim Hines,RB,LAC,1.8,0,0,0,0,0,3,11,0.1,0,0,0,0
D.J. Williams,RB,TB,1.8,0,0,0,0,0,3,12,0.1,0,0,0,0
Jalen White,RB,GB,1.7,0,0,0,0,0,3,12,0.1,0,0,0,0
Eric Gray,RB,NYG,2.1,0,0,0,0,0,2,8,0.1,0,0,4,0
Amar Johnson,RB,GB,1.7,0,0,0,0,0,3,12,0.1,0,0,0,0
Rasheen Ali,RB,BAL,1.8,0,0,0,0,0,4,16,0,0,0,1,0
Tyler Badie,RB,DEN,1.7,0,0,0,0,0,4,17,0,0,0,0,0
Jaleel McLaughlin,RB,DEN,1.6,0,0,0,0,0,3,13,0,0,0,0,0
Trayveon Williams,RB,NE,1.9,0,0,0,0,0,2,9,0.1,0,0,2,0
Montrell Johnson Jr.,RB,PHI,1.5,0,0,0,0,0,3,11,0.1,0,0,0,0
Salvon Ahmed,RB,IND,1.6,0,0,0,0,0,2,11,0.1,0,0,0,0
Shunderrick Powell,RB,PHI,2.6,0,0,0,0,0,1,2,0,1,1,7,0.1
Travis Homer,RB,CHI,2,0,0,0,0,0,2,8,0.1,1,0,3,0
Clyde Edwards-Helaire,RB,NO,1.4,0,0,0,0,0,2,10,0.1,0,0,0,0
Dante Miller,RB,NYG,1.6,0,0,0,0,0,2,10,0.1,0,0,1,0
Elijah Young,RB,KC,1.3,0,0,0,0,0,2,8,0.1,0,0,0,0
Kene Nwangwu,RB,NYJ,1.4,0,0,0,0,0,2,9,0,0,0,1,0
Brashard Smith,RB,KC,1.3,0,0,0,0,0,2,8,0.1,0,0,0,0
Phil Mafah,RB,DAL,1.2,0,0,0,0,0,2,8,0.1,0,0,0,0
Michael Carter,RB,ARI,1.2,0,0,0,0,0,2,8,0.1,0,0,0,0
Sione Vaki,RB,DET,1.1,0,0,0,0,0,3,11,0,0,0,0,0
DeeJay Dallas,RB,ARI,1.1,0,0,0,0,0,3,11,0,0,0,0,0
Chris Collier,RB,LV,2.1,0,0,0,0,0,0,0,0,1,1,8,0
Ja’Quinden Jackson,RB,JAC,1,0,0,0,0,0,2,6,0.1,0,0,0,0
LeQuint Allen,RB,JAC,1,0,0,0,0,0,2,6,0.1,0,0,0,0
Avery Williams,RB,PHI,1,0,0,0,0,0,2,8,0,0,0,0,0
Kimani Vidal,RB,LAC,1,0,0,0,0,0,2,10,0,0,0,0,0
Keilan Robinson,RB,PHI,0.9,0,0,0,0,0,2,7,0,0,0,0,0
J.J. Taylor,RB,HOU,1,0,0,0,0,0,2,6,0,0,0,0,0
Dameon Pierce,RB,HOU,1,0,0,0,0,0,2,9,0,0,0,0,0
Reggie Gilliam,RB,BUF,1.2,0,0,0,0,0,1,3,0,1,0,2,0
Raheem Blackshear,RB,CAR,1,0,0,0,0,0,2,7,0,0,0,1,0
Evan Hull,RB,PIT,0.8,0,0,0,0,0,1,6,0,0,0,0,0
Jordan Mims,RB,TEN,0.8,0,0,0,0,0,2,8,0,0,0,0,0
Christopher Brooks,RB,GB,0.7,0,0,0,0,0,1,5,0,0,0,0,0
Dare Ogunbowale,RB,HOU,0.5,0,0,0,0,0,1,3,0,0,0,0,0
Ja’Marr Chase,WR,CIN,322.7,0,0,0,0,0,3,17,0.2,161,111,1517,9.8
Malik Nabers,WR,NYG,317.4,0,0,0,0,0,8,41,0.3,174,119,1445,8.1
Puka Nacua,WR,LAR,296.9,0,0,0,0,0,21,106,0.9,151,105,1385,6.3
Justin Jefferson,WR,MIN,292,0,0,0,0,0,1,5,0.1,155,105,1464,6.7
Nico Collins,WR,HOU,283.7,0,0,0,0,0,0,0,0,143,99,1456,6.7
Amon-Ra St. Brown,WR,DET,285.6,0,0,0,0,0,2,10,0.1,145,102,1328,8.3
CeeDee Lamb,WR,DAL,278.9,0,0,0,0,0,17,86,0.7,148,100,1270,6.6
Ladd McConkey,WR,LAC,276.3,0,0,0,0,0,0,0,0,145,99,1362,7.1
Tee Higgins,WR,CIN,267.5,0,0,0,0,0,0,0,0,144,96,1215,8.4
A.J. Brown,WR,PHI,257.5,0,0,0,0,0,0,0,0,129,89,1271,7.1
Brian Thomas Jr.,WR,JAC,252.4,0,0,0,0,0,6,34,0.3,129,87,1245,6.2
Tyreek Hill,WR,MIA,257.3,0,0,0,0,0,11,54,0.4,139,93,1193,6.4
Mike Evans,WR,TB,246.9,0,0,0,0,0,0,0,0,127,86,1201,6.9
Terry McLaurin,WR,WAS,239.3,0,0,0,0,0,2,10,0.1,119,80,1129,7.5
Drake London,WR,ATL,251.5,0,0,0,0,0,1,6,0.1,145,97,1132,6.8
Rashee Rice,WR,KC,248.3,0,0,0,0,0,5,26,0.3,136,95,1080,7
DJ Moore,WR,CHI,227.2,0,0,0,0,0,13,67,0.6,124,82,958,6.6
Jaxon Smith-Njigba,WR,SEA,231.2,0,0,0,0,0,5,27,0.2,128,87,1061,5.9
Courtland Sutton,WR,DEN,231.8,0,0,0,0,0,0,0,0,136,87,1091,6
Zay Flowers,WR,BAL,225.3,0,0,0,0,0,11,54,0.5,121,81,1079,4.8
Davante Adams,WR,LAR,223.6,0,0,0,0,0,0,0,0,123,81,943,8.2
DeVonta Smith,WR,PHI,216.4,0,0,0,0,0,1,5,0,108,73,983,7.4
Marvin Harrison Jr.,WR,ARI,223,0,0,0,0,0,0,0,0,132,84,1044,6
Jakobi Meyers,WR,LV,217.9,0,0,0,0,0,3,14,0.1,124,83,1067,4.5
George Pickens,WR,DAL,201.7,0,0,0,0,0,2,10,0.1,103,67,993,5.7
Calvin Ridley,WR,TEN,208.1,0,0,0,0,0,8,42,0.4,118,74,993,4.9
Jordan Addison,WR,MIN,208,0,0,0,0,0,3,18,0.2,119,75,991,5.2
Chris Godwin,WR,TB,209.6,0,0,0,0,0,3,13,0.1,118,80,963,5.3
Chris Olave,WR,NO,211.8,0,0,0,0,0,2,12,0.1,127,83,1006,4.5
DK Metcalf,WR,PIT,199.1,0,0,0,0,0,0,0,0,110,71,959,5.5
Khalil Shakir,WR,BUF,210.5,0,0,0,0,0,2,12,0.1,121,82,952,5.3
Deebo Samuel,WR,WAS,196.6,0,0,0,0,0,18,88,0.7,104,69,862,4.8
Jayden Reed,WR,GB,188.4,0,0,0,0,0,17,95,0.8,94,61,871,4.4
Jameson Williams,WR,DET,186.8,0,0,0,0,0,12,61,0.7,95,61,914,4.2
Garrett Wilson,WR,NYJ,216.6,0,0,0,0,0,1,5,0,140,91,932,5.3
Travis Hunter,WR,JAC,196.1,0,0,0,0,0,0,0,0,108,71,948,5.2
Xavier Worthy,WR,KC,193,0,0,0,0,0,19,99,1,109,70,713,6.2
Tetairoa McMillan,WR,CAR,192.3,0,0,0,0,0,0,0,0,111,71,933,4.8
Jauan Jennings,WR,SF,187.2,0,0,0,0,0,0,0,0,104,69,920,4.4
Jerry Jeudy,WR,CLE,184.9,0,0,0,0,0,0,0,0,109,70,932,3.7
Jaylen Waddle,WR,MIA,180.1,0,0,0,0,0,4,20,0.1,99,65,880,4.1
Rome Odunze,WR,CHI,181.7,0,0,0,0,0,3,17,0.1,111,68,815,5.1
Stefon Diggs,WR,NE,189.1,0,0,0,0,0,6,31,0.3,119,79,817,4.1
Marvin Mims Jr.,WR,DEN,159.7,0,0,0,0,0,12,60,0.5,79,52,709,4.8
Michael Pittman Jr.,WR,IND,177.9,0,0,0,0,0,0,0,0,109,71,865,3.5
Darnell Mooney,WR,ATL,170.2,0,0,0,0,0,0,0,0,101,63,839,3.9
Josh Downs,WR,IND,171.7,0,0,0,0,0,1,6,0,99,67,770,4.6
Christian Kirk,WR,HOU,166.9,0,0,0,0,0,0,0,0,99,63,839,3.5
Ricky Pearsall,WR,SF,156,0,0,0,0,0,7,40,0.4,86,54,716,4.2
Cooper Kupp,WR,SEA,167.2,0,0,0,0,0,3,14,0.1,102,66,746,4.2
Emeka Egbuka,WR,TB,151.4,0,0,0,0,0,0,0,0,86,54,727,4.2
Quentin Johnston,WR,LAC,150.7,0,0,0,0,0,3,16,0.1,91,56,653,4.5
Wan’Dale Robinson,WR,NYG,161.7,0,0,0,0,0,4,18,0.1,104,67,708,3.6
Matthew Golden,WR,GB,146.4,0,0,0,0,0,0,0,0,82,52,681,4.4
Romeo Doubs,WR,GB,147.8,0,0,0,0,0,0,0,0,86,55,702,3.9
Adam Thielen,WR,CAR,144.3,0,0,0,0,0,0,0,0,81,54,707,3.4
Joshua Palmer,WR,BUF,138.7,0,0,0,0,0,0,0,0,79,49,637,4.4
Luther Burden III,WR,CHI,141.1,0,0,0,0,0,0,0,0,85,53,640,4.2
Rashod Bateman,WR,BAL,130.6,0,0,0,0,0,0,0,0,69,44,617,4.2
Keon Coleman,WR,BUF,125.3,0,0,0,0,0,0,0,0,64,39,593,4.5
Demario Douglas,WR,NE,142,0,0,0,0,0,4,21,0.2,86,56,617,3.5
Jayden Higgins,WR,HOU,133.5,0,0,0,0,0,0,0,0,81,49,646,3.5
Jalen Coker,WR,CAR,129.8,0,0,0,0,0,0,0,0,70,45,650,3.3
DeAndre Hopkins,WR,BAL,122.7,0,0,0,0,0,0,0,0,67,44,582,3.4
Brandon Aiyuk,WR,SF,121.6,0,0,0,0,0,0,0,0,67,44,617,2.7
Pat Bryant,WR,DEN,119,0,0,0,0,0,0,0,0,73,43,547,3.6
Michael Wilson,WR,ARI,119.1,0,0,0,0,0,1,5,0,70,44,569,3
Calvin Austin III,WR,PIT,110.8,0,0,0,0,0,0,0,0,63,39,535,3.1
Cedric Tillman,WR,CLE,118.5,0,0,0,0,0,3,13,0.1,76,47,539,2.6
Rashid Shaheed,WR,NO,108.3,0,0,0,0,0,9,44,0.4,63,38,490,2.6
Jack Bech,WR,LV,109.5,0,0,0,0,0,0,0,0,68,41,527,2.8
Marquise Brown,WR,KC,111.8,0,0,0,0,0,0,0,0,68,44,519,2.8
Tre Harris,WR,LAC,104,0,0,0,0,0,0,0,0,62,37,493,3.1
Alec Pierce,WR,IND,98,0,0,0,0,0,0,0,0,53,32,511,2.6
Tre Tucker,WR,LV,99.7,0,0,0,0,0,10,50,0.4,59,36,471,1.6
Tyler Lockett,WR,TEN,102.7,0,0,0,0,0,0,0,0,63,40,470,2.7
Darius Slayton,WR,NYG,98.3,0,0,0,0,0,2,9,0.1,57,35,493,2.1
Xavier Legette,WR,CAR,102.9,0,0,0,0,0,6,30,0.3,67,41,454,2.1
Dyami Brown,WR,JAC,99.4,0,0,0,0,0,2,13,0.1,60,38,476,2
Kyle Williams,WR,NE,97.6,0,0,0,0,0,0,0,0,62,37,439,2.9
Tutu Atwell,WR,LAR,95.7,0,0,0,0,0,3,13,0.1,56,36,469,1.9
Ray-Ray McCloud,WR,ATL,95.5,0,0,0,0,0,9,45,0.4,60,38,422,1.5
Noah Brown,WR,WAS,91.5,0,0,0,0,0,0,0,0,54,34,449,2.1
Jalen Tolbert,WR,DAL,89.5,0,0,0,0,0,0,0,0,54,33,407,2.6
Adonai Mitchell,WR,IND,88.5,0,0,0,0,0,6,30,0.3,56,33,393,1.9
Andrei Iosivas,WR,CIN,84.1,0,0,0,0,0,0,0,0,53,32,392,2.2
Diontae Johnson,WR,CLE,86.4,0,0,0,0,0,3,14,0.1,58,36,366,2
Van Jefferson,WR,TEN,79.2,0,0,0,0,0,0,0,0,51,30,345,2.5
Marquez Valdes-Scantling,WR,SEA,67.5,0,0,0,0,0,1,5,0,38,22,326,2.1
Roman Wilson,WR,PIT,67.2,0,0,0,0,0,0,0,0,40,25,315,1.9
Brandin Cooks,WR,NO,73.4,0,0,0,0,0,2,11,0.1,51,31,305,1.8
Allen Lazard,WR,NYJ,67.7,0,0,0,0,0,0,0,0,43,26,310,1.8
Jalen McMillan,WR,TB,62.7,0,0,0,0,0,2,11,0.1,36,22,275,1.9
Tyler Johnson,WR,NYJ,66.7,0,0,0,0,0,0,0,0,41,27,289,1.9
Greg Dortch,WR,ARI,58.2,0,0,0,0,0,3,14,0.2,34,22,241,1.7
Chimere Dike,WR,TEN,54,0,0,0,0,0,0,0,0,34,20,250,1.5
Luke McCaffrey,WR,WAS,52.6,0,0,0,0,0,0,0,0,33,20,237,1.5
Jalen Nailor,WR,MIN,51,0,0,0,0,0,2,13,0.2,31,19,233,1.1
Jaylin Noel,WR,HOU,50.5,0,0,0,0,0,0,0,0,31,19,243,1.3
Kalif Raymond,WR,DET,48.8,0,0,0,0,0,2,12,0.1,27,18,232,1
Jermaine Burton,WR,CIN,46.8,0,0,0,0,0,0,0,0,28,16,227,1.4
Elijah Moore,WR,BUF,50.1,0,0,0,0,0,0,2,0,32,20,226,1.3
Arian Smith,WR,NYJ,47.5,0,0,0,0,0,0,0,0,31,18,217,1.3
Jalen Royals,WR,KC,45.4,0,0,0,0,0,0,0,0,27,16,206,1.5
Devaughn Vele,WR,DEN,47.2,0,0,0,0,0,0,0,0,28,18,221,1.2
Josh Reynolds,WR,NYJ,46.9,0,0,0,0,0,0,0,0,29,18,222,1.2
Olamide Zaccheaus,WR,CHI,47,0,0,0,0,0,1,4,0,30,19,201,1.3
DeAndre Carter,WR,CLE,47.9,0,0,0,0,0,0,0,0,31,20,224,1
Nick Westbrook-Ikhine,WR,MIA,39.9,0,0,0,0,0,0,0,0,22,13,183,1.4
Troy Franklin,WR,DEN,41.8,0,0,0,0,0,1,6,0.1,28,16,182,1.1
Jordan Whittington,WR,LAR,40.7,0,0,0,0,0,0,0,0,24,16,184,1
Demarcus Robinson,WR,SF,36.9,0,0,0,0,0,0,0,0,21,13,166,1.2
Dontayvion Wicks,WR,GB,36.3,0,0,0,0,0,0,0,0,24,15,153,1.1
Tim Patrick,WR,DET,33.3,0,0,0,0,0,0,0,0,19,12,157,0.9
Jalen Reagor,WR,LAC,31.9,0,0,0,0,0,4,21,0.2,19,11,143,0.6
Parker Washington,WR,JAC,33.1,0,0,0,0,0,0,0,0,20,12,155,0.9
Curtis Samuel,WR,BUF,31.4,0,0,0,0,0,2,9,0.1,17,11,126,1
Christian Watson,WR,GB,29.7,0,0,0,0,0,1,5,0,16,10,147,0.8
Derius Davis,WR,LAC,28.7,0,0,0,0,0,9,44,0.4,14,9,98,0.5
Jake Bobo,WR,SEA,31.3,0,0,0,0,0,0,0,0,19,12,136,1
Malik Washington,WR,MIA,30.5,0,0,0,0,0,3,17,0.1,19,12,132,0.5
Zay Jones,WR,ARI,28.6,0,0,0,0,0,0,0,0,19,11,139,0.6
Kavontae Turpin,WR,DAL,24.7,0,0,0,0,0,6,29,0.2,12,8,94,0.6
Robert Woods,WR,PIT,27.8,0,0,0,0,0,0,0,0,19,12,122,0.7
Mecole Hardman Jr.,WR,GB,22.6,0,0,0,0,0,5,27,0.2,11,7,77,0.6
Jahan Dotson,WR,PHI,22.1,0,0,0,0,0,1,3,0,14,9,103,0.5
David Moore,WR,CAR,21.5,0,0,0,0,0,0,1,0,14,8,98,0.5
Jalin Hyatt,WR,NYG,20.9,0,0,0,0,0,0,0,0,14,8,109,0.3
Khadarel Hodge,WR,ATL,19,0,0,0,0,0,0,0,0,11,7,91,0.6
Tim Jones,WR,MIN,20.9,0,0,0,0,0,0,0,0,14,9,99,0.4
Tory Horton,WR,SEA,18.5,0,0,0,0,0,0,0,0,11,7,85,0.6
Ainias Smith,WR,PHI,18.2,0,0,0,0,0,4,22,0.1,10,6,67,0.4
Parris Campbell,WR,DAL,18.2,0,0,0,0,0,0,0,0,11,7,80,0.5
Tylan Wallace,WR,BAL,17.4,0,0,0,0,0,0,0,0,10,7,83,0.5
Konata Mumpfield,WR,LAR,15.3,0,0,0,0,0,0,0,0,9,5,68,0.6
Simi Fehoko,WR,ARI,15.9,0,0,0,0,0,0,0,0,11,6,74,0.4
David Bell,WR,CLE,16.1,0,0,0,0,0,0,0,0,10,7,76,0.3
Lil’Jordan Humphrey,WR,NYG,15.4,0,0,0,0,0,0,0,0,10,6,70,0.4
Trent Sherfield,WR,DEN,15.7,0,0,0,0,0,0,0,0,10,7,72,0.3
Jonathan Mingo,WR,DAL,15.5,0,0,0,0,0,1,4,0,11,7,69,0.3
Jacob Cowing,WR,SF,13.6,0,0,0,0,0,0,0,0,8,5,64,0.4
Ronnie Bell,WR,DET,14.1,0,0,0,0,0,0,0,0,9,5,67,0.4
Trenton Irwin,WR,JAC,14.3,0,0,0,0,0,0,0,0,9,5,63,0.4
Xavier Smith,WR,LAR,10.2,0,0,0,0,0,8,40,0.3,3,2,19,0.1
Keandre Lambert-Smith,WR,LAC,13,0,0,0,0,0,0,0,0,8,5,61,0.4
Austin Trammell,WR,JAC,13.4,0,0,0,0,0,0,0,0,9,5,62,0.3
Isaac TeSlaa,WR,DET,12.7,0,0,0,0,0,0,0,0,8,5,60,0.4
Erik Ezukanma,WR,MIA,12.1,0,0,0,0,0,0,0,0,8,4,62,0.3
Bo Melton,WR,GB,11.1,0,0,0,0,0,3,17,0.1,6,3,39,0.2
Steven Sims Jr.,WR,SEA,11.9,0,0,0,0,0,2,8,0.1,6,4,47,0.3
Kayshon Boutte,WR,NE,11.9,0,0,0,0,0,0,0,0,7,4,56,0.3
Ja’Lynn Polk,WR,NE,12.5,0,0,0,0,0,0,1,0,9,5,52,0.3
Terrace Marshall Jr.,WR,PHI,11.7,0,0,0,0,0,0,0,0,7,5,54,0.3
Jordan Watkins,WR,SF,10.8,0,0,0,0,0,0,0,0,7,4,50,0.3
Treylon Burks,WR,TEN,10.5,0,0,0,0,0,1,6,0.1,6,4,49,0.2
Ben Skowronek,WR,PIT,11.2,0,0,0,0,0,0,0,0,7,4,54,0.2
Mack Hollins,WR,NE,10.7,0,0,0,0,0,0,0,0,7,4,46,0.4
LaJohntay Wester,WR,BAL,10.3,0,0,0,0,0,0,0,0,6,4,48,0.3
Elic Ayomanor,WR,TEN,10.6,0,0,0,0,0,0,0,0,6,4,50,0.3
Chris Blair,WR,ATL,10.4,0,0,0,0,0,0,0,0,7,4,51,0.2
Malik Heath,WR,GB,10.5,0,0,0,0,0,0,0,0,6,4,44,0.3
Kendrick Bourne,WR,NE,10.6,0,0,0,0,0,0,1,0,7,4,50,0.2
Zach Pascal,WR,NYG,10.4,0,0,0,0,0,0,0,0,7,4,48,0.3
Dont’e Thornton Jr.,WR,LV,9.8,0,0,0,0,0,0,0,0,6,4,47,0.3
Xavier Gipson,WR,NYJ,10.4,0,0,0,0,0,0,0,0,7,4,48,0.2
Britain Covey,WR,LAR,9.7,0,0,0,0,0,0,0,0,6,4,42,0.3
Savion Williams,WR,GB,9.3,0,0,0,0,0,0,0,0,6,3,42,0.3
Cedrick Wilson,WR,NO,10,0,0,0,0,0,0,0,0,7,4,48,0.2
Devontez Walker,WR,BAL,8.5,0,0,0,0,0,0,0,0,5,3,41,0.3
Scotty Miller,WR,PIT,9.1,0,0,0,0,0,0,0,0,6,3,45,0.2
Laviska Shenault Jr.,WR,BUF,7.7,0,0,0,0,0,2,9,0.1,4,3,28,0.1
Johnny Wilson,WR,PHI,8.3,0,0,0,0,0,0,0,0,5,3,36,0.3
Brandon Johnson,WR,PIT,7.5,0,0,0,0,0,0,0,0,4,3,36,0.2
Dante Pettis,WR,NO,8,0,0,0,0,0,0,0,0,6,3,37,0.2
K.J. Osborn,WR,WAS,7.1,0,0,0,0,0,0,0,0,4,3,32,0.2
Casey Washington,WR,ATL,7,0,0,0,0,0,0,0,0,5,3,34,0.2
Luke Floriea,WR,CLE,6.7,0,0,0,0,0,0,0,0,5,3,32,0.1
Gage Larvadain,WR,CLE,6.7,0,0,0,0,0,0,0,0,5,3,32,0.1
Kisean Johnson,WR,CLE,6.7,0,0,0,0,0,0,0,0,5,3,32,0.1
Jalen Brooks,WR,DAL,6.7,0,0,0,0,0,0,0,0,4,3,31,0.2
Cade McDonald,WR,CLE,6.7,0,0,0,0,0,0,0,0,5,3,32,0.1
Bub Means,WR,NO,6.6,0,0,0,0,0,0,0,0,4,3,33,0.1
Montorie Foster Jr.,WR,SEA,6.1,0,0,0,0,0,0,0,0,4,2,28,0.2
Ricky White III,WR,SEA,6.1,0,0,0,0,0,0,0,0,4,2,28,0.2
Tyrone Broden,WR,SEA,6.1,0,0,0,0,0,0,0,0,4,2,28,0.2
John Rhys Plumlee,WR,SEA,5.9,0,0,0,0,0,0,0,0,4,2,27,0.2
Silas Bolden,WR,MIN,6.1,0,0,0,0,0,0,0,0,4,2,29,0.2
Robert Lewis,WR,MIN,6.1,0,0,0,0,0,0,0,0,4,2,29,0.2
Dontae Fleming,WR,MIN,6.1,0,0,0,0,0,0,0,0,4,2,29,0.2
Myles Price,WR,MIN,6.1,0,0,0,0,0,0,0,0,4,2,29,0.2
Kristian Wilkerson,WR,BUF,5.8,0,0,0,0,0,0,0,0,4,2,26,0.2
Trishton Jackson,WR,ARI,5.9,0,0,0,0,0,0,0,0,3,2,26,0.2
Bryce Oliver,WR,TEN,5.9,0,0,0,0,0,0,0,0,4,2,29,0.1
Brennan Presley,WR,LAR,5.4,0,0,0,0,0,0,0,0,3,2,24,0.2
James Proche,WR,TEN,5.7,0,0,0,0,0,0,0,0,4,2,27,0.1
Mario Williams,WR,LAR,5.4,0,0,0,0,0,0,0,0,3,2,24,0.2
Tru Edwards,WR,LAR,5.4,0,0,0,0,0,0,0,0,3,2,24,0.2
Jaylin Lane,WR,WAS,5.3,0,0,0,0,0,0,0,0,3,2,24,0.2
Ashton Dulin,WR,IND,4.4,0,0,0,0,0,2,8,0.1,2,1,15,0.1
Stephen Gosnell,WR,BUF,5.1,0,0,0,0,0,0,0,0,3,2,23,0.2
K.J. Hamler,WR,BUF,4.9,0,0,0,0,0,0,0,0,3,2,22,0.2
Dan Chisena,WR,CAR,5.4,0,0,0,0,0,0,0,0,3,2,26,0.1
Ryan Flournoy,WR,DAL,5.4,0,0,0,0,0,0,0,0,4,2,27,0.1
Jamari Thrash,WR,CLE,5.6,0,0,0,0,0,0,0,0,4,2,27,0.1
Monaray Baldwin,WR,MIA,5.1,0,0,0,0,0,0,0,0,3,2,23,0.2
A.T. Perry,WR,DEN,4.8,0,0,0,0,0,0,0,0,3,2,23,0.1
Theo Wease Jr.,WR,MIA,5.1,0,0,0,0,0,0,0,0,3,2,23,0.2
A.J. Henning,WR,MIA,5.1,0,0,0,0,0,0,0,0,3,2,23,0.2
Andrew Armstrong,WR,MIA,5.1,0,0,0,0,0,0,0,0,3,2,23,0.2
Dareke Young,WR,SEA,5.2,0,0,0,0,0,0,0,0,3,2,24,0.1
Bryson Green,WR,ARI,4.9,0,0,0,0,0,0,0,0,3,2,23,0.2
Tyrell Shavers,WR,BUF,4.8,0,0,0,0,0,0,0,0,3,2,21,0.2
Jimmy Horn Jr.,WR,CAR,4.8,0,0,0,0,0,0,0,0,3,2,23,0.1
Courtney Jackson,WR,DEN,4.7,0,0,0,0,0,0,0,0,3,2,22,0.1
Jerjuan Newton,WR,DEN,4.7,0,0,0,0,0,0,0,0,3,2,22,0.1
Tarik Black,WR,MIA,4.8,0,0,0,0,0,0,0,0,3,2,22,0.1
Kyrese White,WR,DEN,4.7,0,0,0,0,0,0,0,0,3,2,22,0.1
Tahj Washington,WR,MIA,4.8,0,0,0,0,0,0,0,0,3,2,22,0.1
Joaquin Davis,WR,DEN,4.7,0,0,0,0,0,0,0,0,3,2,22,0.1
Kobe Hudson,WR,CAR,4.8,0,0,0,0,0,0,0,0,3,2,23,0.1
Jacolby George,WR,CAR,4.8,0,0,0,0,0,0,0,0,3,2,23,0.1
Jalen Virgil,WR,BUF,4.4,0,0,0,0,0,0,0,0,3,2,20,0.2
T.J. Luther,WR,CAR,4.5,0,0,0,0,0,0,0,0,3,2,21,0.1
Dalevon Campbell,WR,LAC,4.3,0,0,0,0,0,0,0,0,3,2,20,0.1
Equanimeous St. Brown,WR,SF,4.4,0,0,0,0,0,0,0,0,3,2,20,0.1
Luke Grimm,WR,LAC,4.3,0,0,0,0,0,0,0,0,3,2,20,0.1
Landon Parker,WR,IND,4.5,0,0,0,0,0,0,0,0,3,2,21,0.1
Coleman Owen,WR,IND,4.5,0,0,0,0,0,0,0,0,3,2,21,0.1
Tyler Kahmann,WR,IND,4.5,0,0,0,0,0,0,0,0,3,2,21,0.1
Blayne Taylor,WR,IND,4.5,0,0,0,0,0,0,0,0,3,2,21,0.1
Montrell Washington,WR,NYG,4.4,0,0,0,0,0,0,0,0,3,2,21,0.1
Isaiah Hodgins,WR,SF,4.3,0,0,0,0,0,0,0,0,3,2,20,0.1
Malachi Corley,WR,NYJ,4.1,0,0,0,0,0,1,5,0,2,1,14,0.1
Jakobie Keeney-James,WR,DET,4.1,0,0,0,0,0,0,0,0,2,2,19,0.1
Quincy Skinner Jr.,WR,ATL,4.2,0,0,0,0,0,0,0,0,3,2,19,0.1
Nick Nash,WR,ATL,4.2,0,0,0,0,0,0,0,0,3,2,19,0.1
Jha’Quan Jackson,WR,TEN,3.7,0,0,0,0,0,1,5,0,2,1,15,0.1
Elijah Cooks,WR,PHI,4.2,0,0,0,0,0,0,0,0,2,2,19,0.1
Jackson Meeks,WR,DET,4.1,0,0,0,0,0,0,0,0,2,2,19,0.1
Dez Fitzpatrick,WR,LAC,4.1,0,0,0,0,0,0,0,0,2,1,19,0.1
Dee Eskridge,WR,MIA,4.3,0,0,0,0,0,0,0,0,3,2,21,0.1
Dominic Lovett,WR,DET,4.1,0,0,0,0,0,0,0,0,2,2,19,0.1
Malik Taylor,WR,DET,3.8,0,0,0,0,0,0,0,0,2,1,18,0.1
Makai Polk,WR,ATL,4.1,0,0,0,0,0,0,0,0,3,2,19,0.1
Mason Tipton,WR,NO,4.4,0,0,0,0,0,0,0,0,3,2,20,0.1
Chandler Brayboy,WR,JAC,3.8,0,0,0,0,0,0,0,0,2,1,18,0.1
J.J. Jones,WR,JAC,3.8,0,0,0,0,0,0,0,0,2,1,18,0.1
Quentin Skinner,WR,NYJ,3.8,0,0,0,0,0,0,0,0,2,1,18,0.1
Jesse Matthews,WR,ATL,3.9,0,0,0,0,0,0,0,0,3,2,18,0.1
Jamaal Pritchett,WR,NYJ,3.8,0,0,0,0,0,0,0,0,2,1,18,0.1
Eli Pancol,WR,JAC,3.8,0,0,0,0,0,0,0,0,2,1,18,0.1
Dymere Miller,WR,NYJ,3.8,0,0,0,0,0,0,0,0,2,1,18,0.1
Jaylen Johnson,WR,LAC,3.9,0,0,0,0,0,0,0,0,2,1,18,0.1
Ke’Shawn Williams,WR,PIT,3.7,0,0,0,0,0,0,0,0,2,1,17,0.1
Dalen Cambre,WR,NYG,3.6,0,0,0,0,0,0,0,0,2,1,17,0.1
Beaux Collins,WR,NYG,3.6,0,0,0,0,0,0,0,0,2,1,17,0.1
Isaiah Neyor,WR,SF,3.6,0,0,0,0,0,0,0,0,2,1,17,0.1
Brenden Rice,WR,LAC,3.6,0,0,0,0,0,0,0,0,2,1,17,0.1
Jahmal Banks,WR,BAL,3.4,0,0,0,0,0,0,0,0,2,1,16,0.1
Ontaria Wilson,WR,NYJ,3.7,0,0,0,0,0,0,0,0,2,1,17,0.1
Xavier Guillory,WR,BAL,3.4,0,0,0,0,0,0,0,0,2,1,16,0.1
Russell Gage,WR,SF,3.6,0,0,0,0,0,0,0,0,2,1,17,0.1
Antwane Wells Jr.,WR,NYG,3.6,0,0,0,0,0,0,0,0,2,1,17,0.1
Roc Taylor,WR,PIT,3.7,0,0,0,0,0,0,0,0,2,1,17,0.1
Da’Quan Felton,WR,NYG,3.6,0,0,0,0,0,0,0,0,2,1,17,0.1
Junior Bergen,WR,SF,3.6,0,0,0,0,0,0,0,0,2,1,17,0.1
Jordan Bly,WR,NYG,3.6,0,0,0,0,0,0,0,0,2,1,17,0.1
Taylor Morin,WR,PHI,3.3,0,0,0,0,0,0,0,0,2,1,15,0.1
Darius Cooper,WR,PHI,3.3,0,0,0,0,0,0,0,0,2,1,15,0.1
Quintez Cephus,WR,SF,3.4,0,0,0,0,0,0,0,0,2,1,16,0.1
Giles Jackson,WR,PHI,3.3,0,0,0,0,0,0,0,0,2,1,15,0.1
Danny Gray,WR,PHI,3.3,0,0,0,0,0,0,0,0,2,1,15,0.1
Brycen Tremayne,WR,CAR,3.4,0,0,0,0,0,0,0,0,2,1,16,0.1
Malik Knowles,WR,SF,3.3,0,0,0,0,0,0,0,0,2,1,15,0.1
Anthony Gould,WR,IND,3.2,0,0,0,0,0,0,0,0,2,1,16,0.1
John Metchie III,WR,HOU,3.3,0,0,0,0,0,0,0,0,2,1,15,0.1
Bryce Ford-Wheaton,WR,NYG,3.2,0,0,0,0,0,0,0,0,2,1,15,0.1
Justin Watson,WR,HOU,3.2,0,0,0,0,0,0,0,0,2,1,17,0.1
Mason Kinsey,WR,TEN,3.3,0,0,0,0,0,0,0,0,2,1,15,0.1
Cornelius Johnson,WR,GB,3.2,0,0,0,0,0,0,0,0,2,1,14,0.1
Brandon Smith,WR,NYJ,3.3,0,0,0,0,0,0,0,0,2,1,15,0.1
Joshua Cephus,WR,JAC,3.2,0,0,0,0,0,0,0,0,2,1,15,0.1
TJ Sheffield,WR,TEN,3.2,0,0,0,0,0,0,0,0,2,1,15,0.1
Laquon Treadwell,WR,IND,3.1,0,0,0,0,0,0,0,0,2,1,14,0.1
Tom Kennedy,WR,DET,3.2,0,0,0,0,0,0,0,0,2,1,15,0.1
D.J. Montgomery,WR,IND,2.8,0,0,0,0,0,0,0,0,2,1,13,0.1
Irvin Charles,WR,NYJ,3.1,0,0,0,0,0,0,0,0,2,1,14,0.1
Lance McCutcheon,WR,PIT,2.6,0,0,0,0,0,0,0,0,2,1,12,0.1
Chris Moore,WR,WAS,2.3,0,0,0,0,0,0,0,0,1,1,12,0.1
Anthony Miller,WR,BAL,2.7,0,0,0,0,0,0,0,0,2,1,13,0.1
Isaiah Williams,WR,CIN,2.6,0,0,0,0,0,0,0,0,2,1,13,0.1
Tyler Scott,WR,CHI,2.5,0,0,0,0,0,0,0,0,2,1,11,0.1
Kelvin Harmon,WR,DAL,2.1,0,0,0,0,0,0,0,0,1,1,10,0.1
Josh Kelly,WR,DAL,2.2,0,0,0,0,0,0,0,0,1,1,10,0.1
Traeshon Holden,WR,DAL,2.2,0,0,0,0,0,0,0,0,1,1,10,0.1
Xavier Hutchinson,WR,HOU,2.3,0,0,0,0,0,0,0,0,2,1,11,0
Braxton Berrios,WR,HOU,2.2,0,0,0,0,0,0,0,0,1,1,10,0.1
Michael Woods II,WR,CLE,2,0,0,0,0,0,0,0,0,1,1,9,0
Kaden Davis,WR,CLE,1.9,0,0,0,0,0,0,0,0,1,1,9,0
Devin Duvernay,WR,CHI,1.9,0,0,0,0,0,0,2,0,1,1,7,0
Lucky Jackson,WR,MIN,1.8,0,0,0,0,0,0,0,0,1,1,8,0
Jacoby Jones,WR,WAS,1.7,0,0,0,0,0,0,0,0,1,1,8,0.1
Demetric Felton,WR,WAS,1.7,0,0,0,0,0,0,0,0,1,1,8,0.1
Michael Gallup,WR,WAS,1.7,0,0,0,0,0,0,0,0,1,1,8,0.1
Tay Martin,WR,WAS,1.7,0,0,0,0,0,0,0,0,1,1,8,0.1
Kaden Prather,WR,BUF,1.6,0,0,0,0,0,0,0,0,1,1,7,0.1
Ja’Corey Brooks,WR,WAS,1.7,0,0,0,0,0,0,0,0,1,1,8,0.1
Thayer Thomas,WR,MIN,1.8,0,0,0,0,0,0,0,0,1,1,8,0
Tank Dell,WR,HOU,1.5,0,0,0,0,0,0,0,0,1,1,7,0
Jamoi Mayes,WR,CIN,1.5,0,0,0,0,0,0,0,0,1,1,7,0
Tai Felton,WR,MIN,1.7,0,0,0,0,0,0,0,0,1,1,8,0
Mitchell Tinsley,WR,CIN,1.5,0,0,0,0,0,0,0,0,1,1,7,0
Xavier Weaver,WR,ARI,1.5,0,0,0,0,0,0,0,0,1,1,8,0
Rashod Owens,WR,CIN,1.5,0,0,0,0,0,0,0,0,1,1,7,0
Kazmeir Allen,WR,WAS,1.6,0,0,0,0,0,0,0,0,1,1,7,0.1
Jordan Moore,WR,CIN,1.5,0,0,0,0,0,0,0,0,1,1,7,0
Cody White,WR,SEA,1.5,0,0,0,0,0,0,0,0,1,1,7,0
Rondale Moore,WR,MIN,1.8,0,0,0,0,0,0,0,0,1,1,8,0
Charlie Jones,WR,CIN,1.4,0,0,0,0,0,0,0,0,1,1,7,0
Chris Tyree,WR,NO,1.6,0,0,0,0,0,0,0,0,1,1,7,0
Kevin Austin Jr.,WR,NO,1.6,0,0,0,0,0,0,0,0,1,1,7,0
Moochie Dixon,WR,NO,1.6,0,0,0,0,0,0,0,0,1,1,7,0
Dylan Drummond,WR,ATL,1.3,0,0,0,0,0,0,0,0,1,1,6,0
Jahdae Walker,WR,CHI,1.3,0,0,0,0,0,0,0,0,1,1,6,0
Jeremiah Webb,WR,NE,1.3,0,0,0,0,0,0,0,0,1,1,6,0
Efton Chism III,WR,NE,1.3,0,0,0,0,0,0,0,0,1,1,6,0
Demeer Blankumsee,WR,NE,1.3,0,0,0,0,0,0,0,0,1,1,6,0
Kendric Pryor,WR,CIN,1.4,0,0,0,0,0,0,0,0,1,1,7,0
JP Richardson,WR,CHI,1.3,0,0,0,0,0,0,0,0,1,1,6,0
Tyquan Thornton,WR,KC,0.9,0,0,0,0,0,0,0,0,1,0,4,0
Javon Baker,WR,NE,0.9,0,0,0,0,0,0,0,0,1,0,5,0
Juju Smith-Schuster,WR,KC,1,0,0,0,0,0,0,0,0,1,0,4,0
Maurice Alexander,WR,CHI,0.8,0,0,0,0,0,0,0,0,1,0,3,0
Xavier Restrepo,WR,TEN,0.9,0,0,0,0,0,0,0,0,1,0,4,0
Miles Boykin,WR,CHI,0.8,0,0,0,0,0,0,0,0,1,0,3,0
Quez Watkins,WR,ARI,0.8,0,0,0,0,0,0,0,0,0,0,3,0
Daniel Jackson,WR,HOU,0.7,0,0,0,0,0,0,0,0,0,0,3,0
Andre Baccellia,WR,ARI,0.8,0,0,0,0,0,0,0,0,0,0,3,0
Jared Wayne,WR,HOU,0.7,0,0,0,0,0,0,0,0,0,0,3,0
Ihmir Smith-Marsette,WR,NYG,0.7,0,0,0,0,0,0,0,0,0,0,3,0
Samori Toure,WR,CHI,0.6,0,0,0,0,0,0,0,0,1,0,3,0
Michael Bandy,WR,DEN,0.5,0,0,0,0,0,0,0,0,0,0,3,0
Skyy Moore,WR,KC,0.6,0,0,0,0,0,0,0,0,0,0,3,0
Hunter Renfrow,WR,CAR,0.6,0,0,0,0,0,0,0,0,0,0,3,0
Keith Kirkwood,WR,BAL,0.5,0,0,0,0,0,0,0,0,0,0,2,0
Dee Williams,WR,NYG,0.5,0,0,0,0,0,0,0,0,0,0,3,0
Jamal Agnew,WR,ATL,0.5,0,0,0,0,0,0,0,0,0,0,3,0
David Sills V,WR,ATL,0.5,0,0,0,0,0,0,0,0,0,0,3,0
Malik Cunningham,WR,BAL,0.5,0,0,0,0,0,0,0,0,0,0,2,0
Donovan Peoples-Jones,WR,NO,0.3,0,0,0,0,0,0,0,0,0,0,1,0
Seth Williams,WR,LV,0.3,0,0,0,0,0,0,0,0,0,0,2,0
Elijhah Badger,WR,KC,0.2,0,0,0,0,0,0,0,0,0,0,1,0
Ketron Jackson Jr.,WR,LV,0.3,0,0,0,0,0,0,0,0,0,0,2,0
Johnny Johnson III,WR,HOU,0.2,0,0,0,0,0,0,0,0,0,0,1,0
Nikko Remigio,WR,KC,0.2,0,0,0,0,0,0,0,0,0,0,1,0
Jimmy Holiday,WR,KC,0.2,0,0,0,0,0,0,0,0,0,0,1,0
Phillip Dorsett II,WR,LV,0.3,0,0,0,0,0,0,0,0,0,0,1,0
Collin Johnson,WR,LV,0.3,0,0,0,0,0,0,0,0,0,0,2,0
Kyle Philips,WR,LV,0.3,0,0,0,0,0,0,0,0,0,0,1,0
Alex Bachman,WR,LV,0.3,0,0,0,0,0,0,0,0,0,0,2,0
Shedrick Jackson,WR,LV,0.3,0,0,0,0,0,0,0,0,0,0,1,0
Mac Dalena,WR,KC,0.2,0,0,0,0,0,0,0,0,0,0,1,0
Mike Strachan,WR,WAS,0.4,0,0,0,0,0,0,0,0,0,0,1,0
Brock Bowers,TE,LV,283.5,0,0,0,0,0,6,23,0.2,145,121,1195,6.8
Trey McBride,TE,ARI,262.4,0,0,0,0,0,1,4,0,137,111,1096,7
George Kittle,TE,SF,225.7,0,0,0,0,0,0,0,0,100,84,1033,6.4
T.J. Hockenson,TE,MIN,191.9,0,0,0,0,0,0,0,0,110,82,878,3.8
Sam LaPorta,TE,DET,181.6,0,0,0,0,0,0,0,0,97,72,770,5.5
David Njoku,TE,CLE,189.6,0,0,0,0,0,0,0,0,126,87,753,4.7
Mark Andrews,TE,BAL,165.3,0,0,0,0,0,3,12,0.1,75,63,703,5.2
Tucker Kraft,TE,GB,158.2,0,0,0,0,0,3,13,0.1,82,60,698,4.5
Travis Kelce,TE,KC,170,0,0,0,0,0,1,3,0,98,76,675,4.5
Tyler Warren,TE,IND,164.7,0,0,0,0,0,0,0,0,95,71,698,4.2
Zach Ertz,TE,WAS,153.7,0,0,0,0,0,0,0,0,88,63,589,5.4
Dalton Kincaid,TE,BUF,153.9,0,0,0,0,0,0,0,0,94,65,621,4.5
Chigoziem Okonkwo,TE,TEN,156.1,0,0,0,0,0,1,5,0.1,92,69,678,3.2
Hunter Henry,TE,NE,149.6,0,0,0,0,0,0,0,0,86,62,599,4.7
Evan Engram,TE,DEN,164.3,0,0,0,0,0,0,0,0,103,78,651,3.7
Isaiah Likely,TE,BAL,136.7,0,0,0,0,0,0,0,0,68,52,572,4.6
Dallas Goedert,TE,PHI,139.2,0,0,0,0,0,0,0,0,72,56,583,4.2
Darren Waller,TE,MIA,130.9,0,0,0,0,0,0,0,0,81,48,589,4
Jake Ferguson,TE,DAL,149,0,0,0,0,0,0,0,0,99,69,618,3.2
Pat Freiermuth,TE,PIT,140,0,0,0,0,0,0,0,0,75,60,588,3.6
Kyle Pitts,TE,ATL,124.4,0,0,0,0,0,0,0,0,72,46,549,3.9
Jonnu Smith,TE,PIT,134.3,0,0,0,0,0,2,9,0.1,70,57,548,3.6
Mike Gesicki,TE,CIN,137.2,0,0,0,0,0,0,0,0,80,60,610,2.7
Cade Otton,TE,TB,132.7,0,0,0,0,0,1,3,0,82,56,540,3.7
Colston Loveland,TE,CHI,133.7,0,0,0,0,0,0,0,0,83,58,532,3.8
Brenton Strange,TE,JAC,131.6,0,0,0,0,0,0,0,0,76,57,566,3.2
Dalton Schultz,TE,HOU,130.3,0,0,0,0,0,0,0,0,85,56,582,2.7
Tyler Conklin,TE,LAC,120.7,0,0,0,0,0,1,4,0,73,53,511,2.7
Juwan Johnson,TE,NO,116.1,0,0,0,0,0,0,0,0,70,50,528,2.3
Noah Gray,TE,KC,98.5,0,0,0,0,0,0,0,0,52,40,412,2.9
Ja’Tavion Sanders,TE,CAR,103.4,0,0,0,0,0,0,0,0,65,46,435,2.3
Tyler Higbee,TE,LAR,93.4,0,0,0,0,0,0,0,0,56,38,356,3.3
Austin Hooper,TE,NE,79.1,0,0,0,0,0,0,0,0,43,34,344,1.9
Ben Sinnott,TE,WAS,78.6,0,0,0,0,0,0,0,0,50,35,290,2.5
Theo Johnson,TE,NYG,71.6,0,0,0,0,0,0,0,0,46,32,308,1.6
Elijah Higgins,TE,ARI,71.1,0,0,0,0,0,0,0,0,42,32,293,1.8
Taysom Hill,TE,NO,56.2,12,18,123,0.6,0.4,29,136,1.1,24,17,151,0.7
Will Dissly,TE,LAC,68.5,0,0,0,0,0,0,0,0,39,30,286,1.7
Mason Taylor,TE,NYJ,66,0,0,0,0,0,0,0,0,43,30,262,1.7
AJ Barner,TE,SEA,65.5,0,0,0,0,0,0,0,0,40,29,250,1.9
Josh Whyle,TE,TEN,64.7,0,0,0,0,0,0,0,0,38,29,276,1.4
Elijah Arroyo,TE,SEA,62.7,0,0,0,0,0,0,0,0,39,27,243,1.9
Dawson Knox,TE,BUF,56.7,0,0,0,0,0,0,0,0,33,22,233,1.9
Michael Mayer,TE,LV,62.4,0,0,0,0,0,0,0,0,41,28,257,1.5
Pharaoh Brown,TE,MIA,50.4,0,0,0,0,0,0,0,0,28,21,203,1.5
Tanner Hudson,TE,CIN,51.1,0,0,0,0,0,2,8,0.1,29,23,198,1.2
Foster Moreau,TE,NO,48.1,0,0,0,0,0,0,0,0,27,20,216,1.2
Luke Musgrave,TE,GB,49.2,0,0,0,0,0,0,0,0,29,21,196,1.5
Luke Schoonmaker,TE,DAL,51.3,0,0,0,0,0,0,0,0,32,23,214,1.1
Colby Parkinson,TE,LAR,42.7,0,0,0,0,0,0,0,0,26,17,173,1.4
Durham Smythe,TE,CHI,45.3,0,0,0,0,0,0,0,0,33,21,169,1.3
Josh Oliver,TE,MIN,41.2,0,0,0,0,0,0,0,0,25,18,181,0.8
Eric Saubert,TE,SEA,39.6,0,0,0,0,0,0,0,0,25,18,151,1.2
Kylen Granson,TE,PHI,35.1,0,0,0,0,0,0,0,0,21,13,146,1.2
Daniel Bellinger,TE,NYG,41,0,0,0,0,0,0,0,0,27,20,174,0.7
Adam Trautman,TE,DEN,35.4,0,0,0,0,0,0,0,0,22,15,144,1.1
Ian Thomas,TE,LV,38.2,0,0,0,0,0,0,0,0,26,18,156,0.8
Stone Smartt,TE,NYJ,34.3,0,0,0,0,0,0,0,0,22,15,151,0.7
Terrance Ferguson,TE,LAR,33.3,0,0,0,0,0,0,0,0,20,14,125,1.2
Cade Stover,TE,HOU,33.9,0,0,0,0,0,0,0,0,23,16,142,0.6
Drew Sample,TE,CIN,35.1,0,0,0,0,0,1,4,0,24,18,128,0.7
Jeremy Ruckert,TE,NYJ,35.9,0,0,0,0,0,0,0,0,27,18,144,0.6
Johnny Mundt,TE,JAC,31.5,0,0,0,0,0,0,0,0,20,14,123,0.8
Darnell Washington,TE,PIT,30.5,0,0,0,0,0,0,0,0,19,14,127,0.7
Quintin Morris,TE,JAC,29.7,0,0,0,0,0,0,0,0,20,13,119,0.8
Harold Fannin Jr.,TE,CLE,29.9,0,0,0,0,0,0,0,0,21,14,120,0.6
Charlie Kolar,TE,BAL,25.3,0,0,0,0,0,1,5,0.1,13,10,103,0.7
Julian Hill,TE,MIA,28,0,0,0,0,0,0,0,0,20,13,107,0.7
Kenny Yeboah,TE,DET,25.7,0,0,0,0,0,0,0,0,17,12,106,0.6
Will Mallory,TE,IND,25.2,0,0,0,0,0,0,0,0,16,11,111,0.5
James Mitchell,TE,CAR,25.7,0,0,0,0,0,0,0,0,18,12,100,0.7
Grant Calcaterra,TE,PHI,23.8,0,0,0,0,0,0,0,0,14,10,101,0.6
Oronde Gadsden II,TE,LAC,23.5,0,0,0,0,0,0,0,0,15,10,92,0.7
Tanner Conner,TE,MIA,20,0,0,0,0,0,0,0,0,12,7,93,0.6
Jack Stoll,TE,NO,23.7,0,0,0,0,0,0,0,0,18,12,94,0.5
Charlie Woerner,TE,ATL,23.9,0,0,0,0,0,0,0,0,18,12,97,0.4
Payne Durham,TE,TB,19.5,0,0,0,0,0,0,0,0,12,8,80,0.6
Harrison Bryant,TE,PHI,19.1,0,0,0,0,0,0,0,0,12,9,76,0.5
Josiah Deguara,TE,ARI,18,0,0,0,0,0,0,0,0,11,8,70,0.5
Ross Dwelley,TE,SF,18,0,0,0,0,0,0,0,0,12,8,72,0.5
Luke Farrell,TE,SF,17.7,0,0,0,0,0,0,0,0,12,8,70,0.4
Mo Alie-Cox,TE,IND,16.1,0,0,0,0,0,0,0,0,10,7,69,0.4
Gunnar Helm,TE,TEN,16,0,0,0,0,0,0,0,0,10,7,64,0.4
Brenden Bates,TE,CLE,17,0,0,0,0,0,0,0,0,12,8,70,0.3
Ko Kieft,TE,TB,15.6,0,0,0,0,0,0,0,0,10,7,61,0.5
Hunter Long,TE,JAC,15.7,0,0,0,0,0,0,0,0,10,7,67,0.3
Brock Wright,TE,DET,14.6,0,0,0,0,0,0,0,0,9,7,56,0.4
Jelani Woods,TE,IND,14,0,0,0,0,0,0,0,0,8,6,58,0.4
Brevin Jordan,TE,HOU,13.2,0,0,0,0,0,0,0,0,8,6,57,0.3
Lucas Krull,TE,DEN,13.9,0,0,0,0,0,0,0,0,9,7,58,0.2
Drew Ogletree,TE,IND,12,0,0,0,0,0,0,0,0,7,5,51,0.3
Tommy Tremble,TE,CAR,12.1,0,0,0,0,0,0,0,0,8,6,51,0.2
Zack Kuntz,TE,NYJ,10.5,0,0,0,0,0,0,0,0,7,4,48,0.3
David Martin-Robinson,TE,TEN,11.5,0,0,0,0,0,0,0,0,8,5,47,0.2
Greg Dulcich,TE,NYG,11.1,0,0,0,0,0,0,0,0,7,5,46,0.3
Tanner Taula,TE,TB,9.3,0,0,0,0,0,0,0,0,6,3,42,0.3
Robert Tonyan,TE,KC,10,0,0,0,0,0,0,0,0,6,4,39,0.3
Patrick Herbert,TE,JAC,10.1,0,0,0,0,0,0,0,0,6,5,40,0.3
Blake Whiteheart,TE,CLE,10.6,0,0,0,0,0,0,0,0,7,5,44,0.2
John Copenhaver,TE,JAC,10.1,0,0,0,0,0,0,0,0,6,5,40,0.3
Seth Green,TE,NO,9,0,0,0,0,0,0,0,0,6,4,43,0.2
Irv Smith Jr.,TE,HOU,10.6,0,0,0,0,0,0,0,0,8,5,43,0.2
Devin Culp,TE,TB,9.3,0,0,0,0,0,0,0,0,6,4,38,0.2
Dominique Dafney,TE,CAR,8.4,0,0,0,0,0,0,0,0,5,3,39,0.2
Cam Grandy,TE,CIN,9.3,0,0,0,0,0,0,0,0,6,4,34,0.3
Teagan Quitoriano,TE,ATL,8.9,0,0,0,0,0,0,0,0,6,4,37,0.2
Mitchell Evans,TE,CAR,9.1,0,0,0,0,0,0,0,0,6,4,36,0.2
Cole Kmet,TE,CHI,8.5,0,0,0,0,0,0,0,0,5,4,36,0.2
Tip Reiman,TE,ARI,9.6,0,0,0,0,0,0,0,0,7,5,39,0.2
Moliki Matavao,TE,NO,9.1,0,0,0,0,0,0,0,0,6,4,37,0.2
Bryce Pierre,TE,CAR,8.9,0,0,0,0,0,0,0,0,6,4,35,0.2
Luke Deal,TE,DET,8.6,0,0,0,0,0,0,0,0,6,4,35,0.2
Tyler Mabry,TE,CAR,8.8,0,0,0,0,0,0,0,0,6,4,35,0.2
Zach Horton,TE,DET,8.6,0,0,0,0,0,0,0,0,6,4,35,0.2
Shane Zylstra,TE,DET,8.1,0,0,0,0,0,0,0,0,5,4,33,0.2
Jalin Conyers,TE,MIA,6.9,0,0,0,0,0,0,0,0,4,3,27,0.2
Tre Watson,TE,KC,6.5,0,0,0,0,0,0,0,0,4,3,25,0.2
Chris Manhertz,TE,NYG,6.8,0,0,0,0,0,0,0,0,4,3,28,0.2
Jake Briningstool,TE,KC,6.5,0,0,0,0,0,0,0,0,4,3,25,0.2
Luke Lachey,TE,HOU,6.2,0,0,0,0,0,0,0,0,4,3,25,0.2
Oscar Cardenas,TE,ARI,5.9,0,0,0,0,0,0,0,0,4,3,23,0.2
Ben Sims,TE,GB,5.6,0,0,0,0,0,0,0,0,3,2,22,0.2
Thomas Odukoya,TE,TEN,5,0,0,0,0,0,0,0,0,3,2,23,0.1
Brayden Willis,TE,SF,5.5,0,0,0,0,0,0,0,0,4,2,22,0.1
Jared Wiley,TE,KC,5.1,0,0,0,0,0,0,0,0,3,2,20,0.2
Drake Dabney,TE,TEN,5.2,0,0,0,0,0,0,0,0,3,2,21,0.1
Kole Taylor,TE,CIN,4.9,0,0,0,0,0,0,0,0,3,2,19,0.1
Zach Davidson,TE,BUF,4.5,0,0,0,0,0,0,0,0,3,2,16,0.1
Tanner McLachlan,TE,CIN,4.5,0,0,0,0,0,0,0,0,3,2,18,0.1
John Bates,TE,WAS,4.5,0,0,0,0,0,0,0,0,3,2,17,0.1
Caleb Lohner,TE,DEN,4.3,0,0,0,0,0,0,0,0,3,2,17,0.1
Ben Yurosek,TE,MIN,4.2,0,0,0,0,0,0,0,0,3,2,17,0.1
Bryson Nesbit,TE,MIN,4.2,0,0,0,0,0,0,0,0,3,2,17,0.1
Jackson Hawes,TE,BUF,3.7,0,0,0,0,0,0,0,0,2,2,14,0.1
Gee Scott,TE,NE,3.7,0,0,0,0,0,0,0,0,2,2,14,0.1
Keleki Latu,TE,BUF,3.7,0,0,0,0,0,0,0,0,2,2,14,0.1
CJ Dippre,TE,NE,3.7,0,0,0,0,0,0,0,0,2,2,14,0.1
Jack Westover,TE,NE,3.5,0,0,0,0,0,0,0,0,2,2,14,0.1
Tyler Neville,TE,DAL,3.5,0,0,0,0,0,0,0,0,2,2,13,0.1
Feleipe Franks,TE,ATL,3.8,0,0,0,0,0,0,0,0,3,2,16,0.1
Rivaldo Fairweather,TE,DAL,3.5,0,0,0,0,0,0,0,0,2,2,13,0.1
Thomas Fidone II,TE,NYG,3.6,0,0,0,0,0,0,0,0,2,2,14,0.1
Nate Adkins,TE,DEN,3.4,0,0,0,0,0,0,0,0,2,2,13,0.1
Jermaine Terry II,TE,NYG,3.6,0,0,0,0,0,0,0,0,2,2,14,0.1
Albert Okwuegbunam,TE,IND,3.1,0,0,0,0,0,0,0,0,2,1,13,0.1
Princeton Fant,TE,DAL,3.1,0,0,0,0,0,0,0,0,2,1,12,0.1
Jaheim Bell,TE,NE,3.3,0,0,0,0,0,0,0,0,2,2,14,0.1
Colson Yankoff,TE,WAS,3,0,0,0,0,0,0,0,0,2,1,11,0.1
Stephen Carlson,TE,CHI,3.1,0,0,0,0,0,0,0,0,2,1,12,0.1
Sean McKeon,TE,IND,3.1,0,0,0,0,0,0,0,0,2,1,12,0.1
Jordan Murray,TE,CHI,3.1,0,0,0,0,0,0,0,0,2,1,12,0.1
Jake Tonges,TE,SF,2.8,0,0,0,0,0,0,0,0,2,1,11,0.1
Brevyn Spann-Ford,TE,DAL,2.7,0,0,0,0,0,0,0,0,2,1,11,0.1
Travis Vokolek,TE,ARI,2.7,0,0,0,0,0,0,0,0,2,1,11,0.1
Joshua Simon,TE,ATL,2.6,0,0,0,0,0,0,0,0,2,1,10,0.1
Gavin Bartholomew,TE,MIN,2.6,0,0,0,0,0,0,0,0,2,1,11,0.1
Johnny Lumpkin,TE,GB,2.6,0,0,0,0,0,0,0,0,2,1,10,0.1
Messiah Swinson,TE,GB,2.6,0,0,0,0,0,0,0,0,2,1,10,0.1
John FitzPatrick,TE,GB,2.5,0,0,0,0,0,0,0,0,2,1,10,0.1
Justin Shorter,TE,LV,2.3,0,0,0,0,0,0,0,0,1,1,9,0.1
Giovanni Ricci,TE,MIN,2,0,0,0,0,0,0,0,0,1,1,8,0
Matt Sokol,TE,BUF,1.7,0,0,0,0,0,0,0,0,1,1,6,0.1
Joel Wilson,TE,CHI,1.7,0,0,0,0,0,0,0,0,1,1,8,0.1
Cole Turner,TE,WAS,1.6,0,0,0,0,0,0,0,0,1,1,7,0
Lawrence Cager,TE,WAS,1.5,0,0,0,0,0,0,0,0,1,1,6,0
Tyree Jackson,TE,WAS,1.5,0,0,0,0,0,0,0,0,1,1,6,0
Nikola Kalinic,TE,ATL,1.1,0,0,0,0,0,0,0,0,1,1,4,0
Sam Pitz,TE,BAL,1.1,0,0,0,0,0,0,0,0,1,0,4,0
Zaire Mitchell-Paden,TE,BAL,1,0,0,0,0,0,0,0,0,1,0,4,0
Connor Heyward,TE,PIT,0.8,0,0,0,0,0,0,0,0,1,0,3,0