NAME,POS,TEAM,PPR_PTS,CMP,ATT,PASS_YDS,PASS_TD,INT,RUSH,RUSH_YDS,RUSH_TD,TGT,REC,REC_YDS,REC_TD,Y2024,Y2023,Y2022,AVG_PPG_PPR,BYE,WEIGHTED_SCORE,TIER
Josh Allen,QB,BUF,377.7,381,562,4193,28.0,8.8,133,615,9.8,0,0,0,0.0,21.8,22.7,24.8,23.1,7,376.08000000000004,1
Lamar Jackson,QB,BAL,374.9,377,527,4446,28.5,8.3,150,844,3.6,0,0,0,0.0,25.0,20.6,19.4,21.7,7,369.36,1
Jayden Daniels,QB,WAS,376.6,380,553,4269,27.5,9.6,150,855,6.1,0,0,0,0.0,20.5,0.0,0.0,20.5,12,366.88000000000005,1
Jalen Hurts,QB,PHI,343.9,321,457,3800,25.0,7.4,155,687,7.4,0,0,0,0.0,21.0,20.9,24.5,22.1,9,345.84000000000003,2
Joe Burrow,QB,CIN,336.6,439,630,4999,30.6,9.8,64,280,2.8,0,0,0,0.0,21.9,14.6,21.5,19.3,10,331.04,3
Patrick Mahomes,QB,KC,321.8,420,597,4232,28.9,12.1,78,455,3.3,0,0,0,0.0,17.6,17.4,24.2,19.7,10,320.48,4
Bo Nix,QB,DEN,322.9,415,612,4385,26.6,12.8,101,458,4.4,0,0,0,0.0,18.6,0.0,0.0,18.6,12,317.84000000000003,4
Justin Herbert,QB,LAC,313.0,399,582,4423,25.1,9.1,85,406,3.8,0,0,0,0.0,16.4,17.8,16.4,16.9,12,304.48,5
Brock Purdy,QB,SF,311.6,386,545,4567,25.2,14.4,87,368,4.3,0,0,0,0.0,17.7,18.4,11.7,15.9,14,300.16,5
Kyler Murray,QB,ARI,305.0,390,550,4116,23.4,13.7,97,617,3.0,0,0,0,0.0,17.4,17.9,16.8,17.4,8,299.68,5
Baker Mayfield,QB,TB,308.7,396,578,4623,27.4,15.9,75,368,3.0,0,0,0,0.0,21.4,15.8,10.0,15.7,9,297.2,5
C.J. Stroud,QB,HOU,293.0,390,581,4622,22.4,11.8,75,330,2.8,0,0,0,0.0,12.9,18.1,0.0,15.5,6,284.0,6
Caleb Williams,QB,CHI,294.0,362,546,3792,24.1,8.8,102,559,2.5,0,0,0,0.0,14.5,0.0,0.0,14.5,5,281.6,6
Trevor Lawrence,QB,JAC,287.6,392,570,4464,23.6,12.7,72,288,3.7,0,0,0,0.0,13.8,16.1,17.0,15.6,8,280.00000000000006,6
Dak Prescott,QB,DAL,280.1,424,616,4618,25.1,13.7,49,156,2.3,0,0,0,0.0,14.5,19.9,16.5,17.0,10,278.48,6
Jared Goff,QB,DET,272.2,391,557,4551,25.3,13.9,49,99,2.3,0,0,0,0.0,18.9,16.9,16.4,17.4,8,273.44,6
Drake Maye,QB,NE,281.6,379,549,3715,23.3,16.8,107,665,2.6,0,0,0,0.0,13.8,0.0,0.0,13.8,14,269.44000000000005,6
Geno Smith,QB,LV,267.4,404,566,4335,21.5,13.8,61,288,2.2,0,0,0,0.0,15.6,14.8,17.8,16.1,8,265.44,6
J.J. McCarthy,QB,MIN,262.5,359,521,4125,19.9,11.8,78,301,2.6,0,0,0,0.0,,,,,6,262.5,6
Justin Fields,QB,NYJ,260.0,306,458,3018,16.7,10.4,137,655,6.1,0,0,0,0.0,11.8,17.6,19.5,16.3,9,260.16,6
Bryce Young,QB,CAR,277.7,372,555,4089,21.4,12.3,78,378,3.8,0,0,0,0.0,13.9,9.5,0.0,11.7,14,259.6,6
Matthew Stafford,QB,LAR,266.9,363,532,4077,26.9,8.7,50,110,1.1,0,0,0,0.0,13.4,15.9,11.9,13.7,8,257.36,6
Cam Ward,QB,TEN,250.0,384,564,4029,20.6,12.4,79,239,2.0,0,0,0,0.0,,,,,10,250.0,6
Jordan Love,QB,GB,262.6,361,532,4242,25.1,16.0,54,165,2.2,0,0,0,0.0,15.1,18.5,2.8,12.1,5,248.80000000000004,6
Aaron Rodgers,QB,PIT,248.3,364,512,3887,22.9,8.2,51,201,1.1,0,0,0,0.0,14.8,0.0,13.8,14.3,5,244.40000000000003,6
Tua Tagovailoa,QB,MIA,226.7,338,500,3782,21.4,7.9,38,104,0.7,0,0,0,0.0,16.0,15.8,17.7,16.5,12,234.16000000000003,7
Sam Darnold,QB,SEA,234.6,325,476,3411,21.1,10.4,68,267,2.6,0,0,0,0.0,18.1,2.2,15.2,11.8,8,225.44,7
Michael Penix Jr.,QB,ATL,219.7,332,500,3691,19.4,13.5,58,120,3.1,0,0,0,0.0,,,,,5,219.7,7
Daniel Jones,QB,IND,220.4,267,395,2964,15.6,8.2,94,378,5.2,0,0,0,0.0,13.4,9.3,17.8,13.5,11,219.52000000000004,7
Russell Wilson,QB,NYG,184.0,260,381,2774,14.6,5.9,46,189,2.5,0,0,0,0.0,15.6,16.8,14.9,15.8,14,197.76000000000002,8
Tyler Shough,QB,NO,161.6,242,356,2474,12.1,8.3,55,196,1.5,0,0,0,0.0,,,,,11,161.6,9
Kenny Pickett,QB,CLE,140.6,234,350,2351,11.2,7.4,41,100,1.9,0,0,0,0.0,4.8,9.1,11.2,8.4,9,139.36,10
Anthony Richardson,QB,IND,61.6,90,133,999,5.3,5.8,11,41,0.5,0,0,0,0.0,14.7,17.0,0.0,15.9,11,100.16,11
Spencer Rattler,QB,NO,54.6,114,167,1160,4.8,4.1,10,42,0.2,0,0,0,0.0,9.4,0.0,0.0,9.4,11,73.76,12
Joe Flacco,QB,CLE,35.9,68,102,679,3.4,3.1,4,6,0.1,0,0,0,0.0,12.3,19.6,9.4,13.8,9,72.88,12
Zach Wilson,QB,MIA,45.2,67,99,751,4.4,2.4,2,-2,0.0,0,0,0,0.0,0.0,9.6,11.1,10.4,12,69.44,12
Jaxson Dart,QB,NYG,60.2,87,128,925,4.3,2.6,22,85,0.5,0,0,0,0.0,,,,,14,60.2,12
Kirk Cousins,QB,ATL,10.1,17,25,187,1.0,0.8,1,1,0.0,0,0,0,0.0,12.6,18.6,16.7,16.0,5,59.28,12
Jake Browning,QB,CIN,3.3,4,6,45,0.3,0.1,1,3,0.0,0,0,0,0.0,0.0,15.8,0.0,15.8,10,53.2,12
Sam Howell,QB,MIN,23.8,35,51,405,1.9,1.2,6,15,0.2,0,0,0,0.0,-0.7,14.8,17.0,10.4,6,52.32000000000001,12
Jimmy Garoppolo,QB,LAR,2.5,4,6,47,0.3,0.1,0,0,0.0,0,0,0,0.0,19.0,8.7,14.9,14.2,8,47.44,12
Joshua Dobbs,QB,NE,2.0,4,5,37,0.2,0.1,0,0,0.0,0,0,0,0.0,15.0,14.9,10.0,13.3,14,44.160000000000004,12
Dillon Gabriel,QB,CLE,44.1,66,98,662,3.2,2.1,17,71,0.5,0,0,0,0.0,,,,,9,44.1,12
Jameis Winston,QB,NYG,20.9,38,56,406,1.8,1.3,4,10,0.1,0,0,0,0.0,10.2,1.7,13.7,8.5,14,43.92,12
Mason Rudolph,QB,PIT,12.0,16,22,170,1.1,0.8,1,2,0.0,0,0,0,0.0,11.6,9.5,0.0,10.6,5,43.52,12
Easton Stick,QB,ATL,0.1,0,0,2,0.0,0.0,0,0,0.0,0,0,0,0.0,0.0,13.4,0.0,13.4,5,42.96,12
Mac Jones,QB,SF,12.2,18,25,209,1.2,0.9,1,1,0.0,0,0,0,0.0,9.3,9.5,11.9,10.2,14,42.4,12
Marcus Mariota,QB,WAS,2.6,4,6,46,0.3,0.1,0,0,0.0,0,0,0,0.0,15.0,3.7,14.7,11.1,12,37.6,12
Aidan O’Connell,QB,LV,2.3,4,6,44,0.2,0.1,0,0,0.0,0,0,0,0.0,10.3,11.4,0.0,10.9,8,36.72,12
Tyson Bagent,QB,CHI,2.4,4,6,39,0.2,0.1,1,1,0.0,0,0,0,0.0,0.0,10.4,0.0,10.4,5,35.2,12
Tyrod Taylor,QB,NYJ,17.1,34,52,338,1.8,1.0,4,9,0.1,0,0,0,0.0,8.5,7.8,3.0,6.4,9,34.160000000000004,12
Andy Dalton,QB,CAR,2.2,4,6,42,0.2,0.1,0,0,0.0,0,0,0,0.0,9.7,7.7,12.2,9.9,14,33.440000000000005,13
Gardner Minshew II,QB,KC,2.6,4,6,44,0.3,0.1,0,0,0.0,0,0,0,0.0,9.3,12.0,7.2,9.5,10,32.480000000000004,13
Jalen Milroe,QB,SEA,31.4,36,53,377,2.2,1.1,16,70,0.4,0,0,0,0.0,,,,,8,31.4,13
Taylor Heinicke,QB,LAC,2.8,4,6,44,0.3,0.1,1,2,0.0,0,0,0,0.0,0.8,13.0,13.0,8.9,12,30.720000000000002,13
Drew Lock,QB,SEA,2.2,4,5,37,0.2,0.1,0,1,0.0,0,0,0,0.0,11.0,7.0,0.0,9.0,8,30.560000000000002,13
Jarrett Stidham,QB,DEN,2.8,4,6,43,0.2,0.1,1,2,0.0,0,0,0,0.0,0.0,8.3,8.4,8.4,12,29.12,13
Sam Ehlinger,QB,DEN,0.2,0,0,3,0.0,0.0,0,0,0.0,0,0,0,0.0,0.0,0.0,8.5,8.5,12,27.360000000000003,13
Bailey Zappe,QB,KC,0.2,0,0,2,0.0,0.0,0,0,0.0,0,0,0,0.0,0.0,6.8,10.0,8.4,10,27.040000000000003,13
Desmond Ridder,QB,CIN,0.2,0,0,3,0.0,0.0,0,0,0.0,0,0,0,0.0,4.2,11.5,9.5,8.4,10,27.040000000000003,13
Jacoby Brissett,QB,ARI,2.3,4,5,39,0.2,0.1,0,0,0.0,0,0,0,0.0,5.3,7.0,10.4,7.6,8,26.16,13
Mitch Trubisky,QB,BUF,2.7,4,6,45,0.3,0.1,0,0,0.0,0,0,0,0.0,1.7,9.2,10.4,7.1,7,24.88,13
Tommy DeVito,QB,NYG,0.2,0,0,3,0.0,0.0,0,0,0.0,0,0,0,0.0,4.3,10.3,0.0,7.3,14,23.52,13
Mike White,QB,BUF,0.2,0,0,3,0.0,0.0,0,0,0.0,0,0,0,0.0,0.0,0.3,13.8,7.1,7,22.88,13
Davis Mills,QB,HOU,3.1,4,6,46,0.2,0.1,2,4,0.0,0,0,0,0.0,2.3,2.3,12.3,5.6,6,20.4,13
Nick Mullens,QB,JAC,2.7,4,6,46,0.3,0.1,1,2,0.0,0,0,0,0.0,0.3,13.2,2.5,5.3,8,19.12,13
Cooper Rush,QB,BAL,2.7,4,6,52,0.3,0.1,0,0,0.0,0,0,0,0.0,8.7,0.4,6.4,5.2,7,18.8,13
Kyle Allen,QB,DET,0.2,0,0,3,0.0,0.0,0,0,0.0,0,0,0,0.0,0.0,-0.1,11.5,5.7,8,18.400000000000002,13
John Wolford,QB,JAC,0.2,0,0,3,0.0,0.0,0,0,0.0,0,0,0,0.0,0.0,0.0,4.7,4.7,8,15.200000000000001,13
Case Keenum,QB,CHI,0.1,0,0,2,0.0,0.0,0,0,0.0,0,0,0,0.0,0.0,4.5,0.0,4.5,5,14.48,13
Trey Lance,QB,LAC,0.2,0,0,2,0.0,0.0,0,0,0.0,0,0,0,0.0,3.0,0.0,5.5,4.3,12,13.92,13
Malik Willis,QB,GB,2.5,4,5,41,0.2,0.1,0,1,0.0,0,0,0,0.0,7.3,0.7,2.4,3.5,5,13.200000000000001,13
Shedeur Sanders,QB,CLE,9.9,16,23,160,0.8,0.5,3,11,0.1,0,0,0,0.0,,,,,9,9.9,13
Brett Rypien,QB,MIN,0.1,0,0,3,0.0,0.0,0,0,0.0,0,0,0,0.0,0.0,1.5,4.3,2.9,6,9.36,13
Skylar Thompson,QB,PIT,0.1,0,0,2,0.0,0.0,0,0,0.0,0,0,0,0.0,2.3,0.0,2.4,2.4,5,7.76,13
Dorian Thompson-Robinson,QB,PHI,0.2,0,0,3,0.0,0.0,0,0,0.0,0,0,0,0.0,2.1,2.4,0.0,2.3,9,7.52,13
Brandon Allen,QB,TEN,2.2,4,6,41,0.2,0.1,0,1,0.0,0,0,0,0.0,1.7,0.0,0.0,1.7,10,7.200000000000001,13
Jake Haener,QB,NO,0.1,0,0,2,0.0,0.0,0,0,0.0,0,0,0,0.0,1.6,0.0,0.0,1.6,11,5.200000000000001,13
Kyle Trask,QB,TB,2.9,4,6,49,0.2,0.1,1,2,0.0,0,0,0,0.0,,,,,9,2.9,13
Joe Milton III,QB,DAL,2.6,4,6,42,0.2,0.1,0,0,0.0,0,0,0,0.0,,,,,10,2.6,13
Hendon Hooker,QB,DET,2.6,4,6,48,0.3,0.1,0,0,0.0,0,0,0,0.0,,,,,8,2.6,13
Tanner McKee,QB,PHI,2.4,4,6,51,0.3,0.1,0,0,0.0,0,0,0,0.0,,,,,9,2.4,13
Clayton Tune,QB,ARI,0.1,0,0,3,0.0,0.0,0,0,0.0,0,0,0,0.0,-0.3,0.7,0.0,0.2,8,0.7200000000000002,13
Devin Leary,QB,BAL,0.2,0,0,3,0.0,0.0,0,0,0.0,0,0,0,0.0,,,,,7,0.2,13
Quinn Ewers,QB,MIA,0.2,0,0,2,0.0,0.0,0,0,0.0,0,0,0,0.0,,,,,12,0.2,13
Will Grier,QB,DAL,0.2,0,0,2,0.0,0.0,0,0,0.0,0,0,0,0.0,,,,,10,0.2,13
Stetson Bennett,QB,LAR,0.2,0,0,3,0.0,0.0,0,0,0.0,0,0,0,0.0,,,,,8,0.2,13
Michael Pratt,QB,TB,0.2,0,0,3,0.0,0.0,0,0,0.0,0,0,0,0.0,,,,,9,0.2,13
Kurtis Rourke,QB,SF,0.2,0,0,3,0.0,0.0,0,0,0.0,0,0,0,0.0,,,,,14,0.2,13
Will Howard,QB,PIT,0.1,0,0,2,0.0,0.0,0,0,0.0,0,0,0,0.0,,,,,5,0.1,13
Tommy Mellott,QB,LV,0.1,0,0,3,0.0,0.0,0,0,0.0,0,0,0,0.0,,,,,8,0.1,13
Ben Wooldridge,QB,NE,0.1,0,0,2,0.0,0.0,0,0,0.0,0,0,0,0.0,,,,,14,0.1,13
Sam Hartman,QB,WAS,0.1,0,0,3,0.0,0.0,0,0,0.0,0,0,0,0.0,,,,,12,0.1,13
Kyle McCord,QB,PHI,0.1,0,0,3,0.0,0.0,0,0,0.0,0,0,0,0.0,,,,,9,0.1,13
Jack Plummer,QB,CAR,0.1,0,0,2,0.0,0.0,0,0,0.0,0,0,0,0.0,,,,,14,0.1,13
Sean Clifford,QB,GB,0.1,0,0,3,0.0,0.0,0,0,0.0,0,0,0,0.0,,,,,5,0.1,13
Adrian Martinez,QB,NYJ,0.1,0,0,2,0.0,0.0,0,0,0.0,0,0,0,0.0,,,,,9,0.1,13
Josh Johnson,QB,WAS,0.1,0,0,3,0.0,0.0,0,0,0.0,0,0,0,0.0,0.0,0.0,0.0,0.0,12,0.08000000000000002,13
Christian McCaffrey,RB,SF,298.7,0,0,0,0.0,0.0,244,1137,7.9,79,61,587,3.4,11.8,24.4,20.9,19.0,14,299.76,1
Bijan Robinson,RB,ATL,305.3,0,0,0,0.0,0.0,276,1357,11.2,68,52,415,1.7,19.9,14.4,0.0,17.2,5,299.28000000000003,1
Devon Achane,RB,MIA,303.5,0,0,0,0.0,0.0,219,977,8.3,97,74,618,3.6,17.4,17.3,0.0,17.4,12,298.48,1
Saquon Barkley,RB,PHI,291.2,0,0,0,0.0,0.0,287,1584,10.1,46,35,279,1.7,22.1,15.8,17.6,18.5,9,292.16,1
Jahmyr Gibbs,RB,DET,289.7,0,0,0,0.0,0.0,243,1289,9.4,68,52,425,2.0,20.7,16.1,0.0,18.4,8,290.64,1
Ashton Jeanty,RB,LV,290.0,0,0,0,0.0,0.0,267,1298,6.9,73,56,475,2.7,,,,,8,290.0,1
Derrick Henry,RB,BAL,282.1,0,0,0,0.0,0.0,275,1510,13.2,30,23,212,1.4,19.8,14.4,18.8,17.7,7,282.32000000000005,1
Josh Jacobs,RB,GB,278.2,0,0,0,0.0,0.0,285,1326,10.1,53,40,363,1.7,17.2,13.8,19.3,16.8,5,276.32,1
Bucky Irving,RB,TB,277.5,0,0,0,0.0,0.0,242,1247,8.3,57,44,453,2.5,14.4,0.0,0.0,14.4,9,268.08,1
Alvin Kamara,RB,NO,253.9,0,0,0,0.0,0.0,177,814,6.0,93,71,541,2.1,18.9,17.4,14.5,16.9,11,257.2,2
Kenneth Walker III,RB,SEA,257.5,0,0,0,0.0,0.0,252,1164,7.0,63,48,391,2.3,16.4,13.2,13.5,14.4,8,252.08,2
Breece Hall,RB,NYJ,250.6,0,0,0,0.0,0.0,235,1069,6.3,69,53,424,2.0,14.8,16.9,16.3,16.0,9,251.68,2
Chase Brown,RB,CIN,267.7,0,0,0,0.0,0.0,254,1173,7.0,67,51,435,2.6,15.8,4.7,0.0,10.3,10,247.12,2
Joe Mixon,RB,HOU,242.3,0,0,0,0.0,0.0,220,1000,8.2,61,47,353,2.1,17.1,15.5,17.1,16.6,6,246.96000000000004,2
James Cook,RB,BUF,258.2,0,0,0,0.0,0.0,234,1168,8.1,60,46,372,1.9,16.6,13.6,6.6,12.3,7,245.92000000000002,2
James Conner,RB,ARI,244.9,0,0,0,0.0,0.0,205,984,10.3,55,42,344,1.5,15.6,15.5,15.4,15.5,8,245.52,2
Jonathan Taylor,RB,IND,238.5,0,0,0,0.0,0.0,297,1408,7.4,38,29,194,1.0,17.4,15.6,13.3,15.4,11,240.08,2
Kyren Williams,RB,LAR,221.1,0,0,0,0.0,0.0,268,1210,8.8,31,24,149,1.6,16.9,21.0,3.6,13.8,8,221.04,3
Omarion Hampton,RB,LAC,217.4,0,0,0,0.0,0.0,209,940,6.8,51,39,312,2.1,,,,,12,217.4,3
Chuba Hubbard,RB,CAR,218.5,0,0,0,0.0,0.0,211,1033,7.5,51,39,232,1.4,15.9,10.7,5.7,10.8,14,209.36,3
D’Andre Swift,RB,CHI,201.9,0,0,0,0.0,0.0,247,1065,5.0,47,36,272,0.6,12.4,12.4,13.4,12.7,5,202.16000000000003,3
Tony Pollard,RB,TEN,198.1,0,0,0,0.0,0.0,206,952,5.1,53,41,270,0.9,12.3,12.9,15.5,13.6,10,202.00000000000003,3
RJ Harvey,RB,DEN,201.0,0,0,0,0.0,0.0,190,813,5.4,56,43,320,2.2,,,,,12,201.0,3
Isiah Pacheco,RB,KC,207.9,0,0,0,0.0,0.0,204,900,5.8,55,42,324,1.8,8.0,15.6,7.9,10.5,10,199.92000000000002,3
Aaron Jones,RB,MIN,190.1,0,0,0,0.0,0.0,167,786,7.6,43,33,243,1.6,14.1,12.2,14.5,13.6,6,195.60000000000002,3
Brian Robinson Jr.,RB,WAS,191.7,0,0,0,0.0,0.0,204,930,7.6,32,24,224,1.2,11.3,13.0,9.3,11.2,12,189.2,3
David Montgomery,RB,DET,168.1,0,0,0,0.0,0.0,148,689,7.1,37,28,257,0.7,16.2,14.6,11.1,14.0,8,179.28,4
Travis Etienne Jr.,RB,JAC,168.2,0,0,0,0.0,0.0,143,629,2.9,56,43,347,1.8,8.6,16.3,11.9,12.3,8,173.92000000000002,4
Jaylen Warren,RB,PIT,173.9,0,0,0,0.0,0.0,135,610,2.4,62,47,400,2.1,8.3,11.5,5.8,8.5,5,166.32,4
Kaleb Johnson,RB,PIT,163.1,0,0,0,0.0,0.0,196,785,5.4,35,27,182,1.3,,,,,5,163.1,4
Austin Ekeler,RB,WAS,140.5,0,0,0,0.0,0.0,97,441,2.0,54,41,356,1.5,10.9,13.1,21.8,15.3,12,161.36,4
Tyjae Spears,RB,TEN,164.4,0,0,0,0.0,0.0,110,488,4.9,55,43,366,1.3,9.4,9.0,0.0,9.2,10,160.96,4
Rhamondre Stevenson,RB,NE,148.7,0,0,0,0.0,0.0,150,666,6.3,29,22,159,1.2,11.4,12.0,15.0,12.8,14,159.92000000000002,4
Tyrone Tracy Jr.,RB,NYG,150.2,0,0,0,0.0,0.0,161,747,2.7,42,32,224,1.0,10.6,0.0,0.0,10.6,14,154.07999999999998,4
TreVeyon Henderson,RB,NE,152.7,0,0,0,0.0,0.0,141,606,4.3,41,32,250,1.7,,,,,14,152.7,4
Najee Harris,RB,LAC,135.3,0,0,0,0.0,0.0,129,574,3.5,37,29,237,0.9,12.0,11.5,13.1,12.2,12,147.28,4
Rachaad White,RB,TB,135.1,0,0,0,0.0,0.0,109,497,3.3,40,31,263,1.5,12.4,15.7,8.1,12.1,9,146.8,4
Nick Chubb,RB,HOU,132.1,0,0,0,0.0,0.0,135,609,5.4,25,19,158,0.8,7.9,11.5,16.4,11.9,6,143.76000000000002,4
Jordan Mason,RB,MIN,154.0,0,0,0,0.0,0.0,161,781,6.2,27,21,150,0.7,9.5,4.0,3.4,5.6,6,141.12,4
Javonte Williams,RB,DAL,132.9,0,0,0,0.0,0.0,107,458,3.7,46,35,248,1.0,9.2,10.9,10.3,10.1,10,138.64000000000001,5
Dylan Sampson,RB,CLE,128.5,0,0,0,0.0,0.0,142,603,4.1,29,22,163,0.9,,,,,9,128.5,6
Cam Skattebo,RB,NYG,125.2,0,0,0,0.0,0.0,119,525,3.2,34,26,203,1.3,,,,,14,125.2,6
J.K. Dobbins,RB,DEN,107.8,0,0,0,0.0,0.0,93,436,2.3,36,28,178,1.0,14.6,11.0,10.1,11.9,12,124.32000000000002,6
Rico Dowdle,RB,CAR,117.2,0,0,0,0.0,0.0,128,615,2.7,26,20,149,0.9,12.3,5.7,0.0,9.0,14,122.56,6
Tank Bigsby,RB,JAC,129.6,0,0,0,0.0,0.0,151,703,5.8,19,14,94,0.3,8.5,1.5,0.0,5.0,8,119.68,6
Miles Sanders,RB,DAL,109.9,0,0,0,0.0,0.0,89,392,2.2,38,29,220,1.2,6.9,5.4,12.6,8.3,10,114.48000000000002,6
Zach Charbonnet,RB,SEA,108.1,0,0,0,0.0,0.0,90,416,3.4,31,24,184,0.7,10.6,6.6,0.0,8.6,8,114.0,6
Quinshon Judkins,RB,CLE,111.9,0,0,0,0.0,0.0,119,521,3.5,26,20,145,0.8,,,,,9,111.9,6
Raheem Mostert,RB,LV,93.5,0,0,0,0.0,0.0,91,408,3.2,23,17,143,0.5,5.4,17.8,10.5,11.2,8,110.63999999999999,6
Ray Davis,RB,BUF,108.2,0,0,0,0.0,0.0,108,493,2.3,27,21,180,1.2,6.8,0.0,0.0,6.8,7,108.32000000000001,6
Trey Benson,RB,ARI,120.2,0,0,0,0.0,0.0,155,682,3.7,22,17,124,0.4,3.5,0.0,0.0,3.5,8,107.36000000000001,6
Tyler Allgeier,RB,ATL,101.1,0,0,0,0.0,0.0,134,645,3.1,13,10,78,0.2,6.1,7.9,9.8,7.9,5,106.16,6
Roschon Johnson,RB,CHI,105.4,0,0,0,0.0,0.0,82,367,6.6,19,15,120,0.5,5.9,6.7,0.0,6.3,5,104.48,6
Elijah Mitchell,RB,KC,104.8,0,0,0,0.0,0.0,94,428,3.3,27,20,155,1.1,0.0,4.3,8.4,6.4,10,104.32000000000001,6
Isaac Guerendo,RB,SF,104.4,0,0,0,0.0,0.0,116,503,3.9,20,16,133,0.5,6.3,0.0,0.0,6.3,14,103.68,6
Jerome Ford,RB,CLE,84.4,0,0,0,0.0,0.0,84,405,1.8,24,18,137,0.3,9.5,12.4,0.5,7.5,9,91.52000000000001,7
Devin Singletary,RB,NYG,75.0,0,0,0,0.0,0.0,84,377,2.5,16,12,95,0.2,6.3,9.8,11.1,9.1,14,89.12,7
Jaydon Blue,RB,DAL,89.0,0,0,0,0.0,0.0,72,291,2.1,28,21,188,1.2,,,,,10,89.0,7
Zack Moss,RB,CIN,69.5,0,0,0,0.0,0.0,56,238,2.3,20,16,133,0.6,10.1,11.9,4.8,8.9,10,84.08000000000001,7
AJ Dillon,RB,PHI,67.0,0,0,0,0.0,0.0,78,386,1.6,12,9,68,0.5,0.0,7.8,9.8,8.8,9,81.76,7
Braelon Allen,RB,NYJ,80.0,0,0,0,0.0,0.0,89,411,1.6,22,17,120,0.3,4.9,0.0,0.0,4.9,9,79.68,7
Jaylen Wright,RB,MIA,90.7,0,0,0,0.0,0.0,120,525,2.0,17,13,105,0.6,2.1,0.0,0.0,2.1,12,79.28,7
Justice Hill,RB,BAL,73.8,0,0,0,0.0,0.0,24,111,0.2,35,27,251,1.7,8.4,6.8,2.7,6.0,7,78.24000000000001,7
Bhayshul Tuten,RB,JAC,77.0,0,0,0,0.0,0.0,82,330,2.6,19,14,99,0.7,,,,,8,77.0,7
Blake Corum,RB,LAR,86.5,0,0,0,0.0,0.0,103,445,3.5,15,11,88,0.3,2.3,0.0,0.0,2.3,8,76.56,7
MarShawn Lloyd,RB,GB,71.9,0,0,0,0.0,0.0,69,292,2.1,20,15,118,0.7,,,,,5,71.9,7
Cam Akers,RB,NO,57.3,0,0,0,0.0,0.0,63,290,1.9,12,9,61,0.4,6.1,6.6,9.3,7.3,11,69.2,7
Keaton Mitchell,RB,BAL,43.6,0,0,0,0.0,0.0,54,268,1.6,4,3,32,0.2,0.0,9.9,0.0,9.9,7,66.56,7
Emanuel Wilson,RB,GB,67.5,0,0,0,0.0,0.0,73,349,1.8,14,11,87,0.5,5.6,2.0,0.0,3.8,5,66.16,7
Trey Sermon,RB,PIT,75.2,0,0,0,0.0,0.0,82,358,3.3,14,11,70,0.4,3.1,1.7,0.5,1.8,5,65.92,7
Kendre Miller,RB,NO,61.7,0,0,0,0.0,0.0,66,303,2.0,13,10,85,0.3,4.7,5.3,0.0,5.0,11,65.36000000000001,7
Antonio Gibson,RB,NE,46.4,0,0,0,0.0,0.0,52,241,0.7,12,9,79,0.3,6.0,7.9,11.0,8.3,14,63.68,7
Kareem Hunt,RB,KC,41.0,0,0,0,0.0,0.0,40,173,1.9,7,6,45,0.4,11.8,7.9,7.4,9.0,10,61.60000000000001,7
Brock Lampe,RB,NE,57.6,0,0,0,0.0,0.0,14,46,0.4,34,26,167,1.4,,,,,14,57.6,7
Kyle Juszczyk,RB,SF,51.4,0,0,0,0.0,0.0,10,37,0.5,29,23,177,0.8,3.4,2.2,3.3,3.0,14,50.720000000000006,8
Kalel Mullings,RB,TEN,46.5,0,0,0,0.0,0.0,47,193,1.4,12,10,64,0.5,,,,,10,46.5,8
Damien Martinez,RB,SEA,44.1,0,0,0,0.0,0.0,46,196,1.3,11,8,58,0.4,,,,,8,44.1,8
Jarquez Hunter,RB,LAR,41.4,0,0,0,0.0,0.0,46,185,1.4,9,7,49,0.4,,,,,8,41.4,8
DJ Giddens,RB,IND,41.1,0,0,0,0.0,0.0,47,187,1.4,9,7,47,0.3,,,,,11,41.1,8
Ty Johnson,RB,BUF,33.2,0,0,0,0.0,0.0,16,77,0.3,13,10,94,0.8,5.4,4.0,3.8,4.4,7,40.64,8
Sean Tucker,RB,TB,36.8,0,0,0,0.0,0.0,45,196,1.7,5,4,32,0.1,5.6,1.0,0.0,3.3,9,40.0,8
Khalil Herbert,RB,IND,22.4,0,0,0,0.0,0.0,24,112,1.0,3,2,20,0.1,2.4,9.2,9.0,6.9,11,40.0,8
Audric Estime,RB,DEN,34.8,0,0,0,0.0,0.0,46,197,1.1,6,5,34,0.1,3.7,0.0,0.0,3.7,12,39.68,8
Deuce Vaughn,RB,DAL,40.1,0,0,0,0.0,0.0,62,243,1.5,5,4,31,0.1,1.8,2.5,0.0,2.2,10,39.120000000000005,8
Ollie Gordon II,RB,MIA,38.0,0,0,0,0.0,0.0,40,161,1.0,10,8,55,0.4,,,,,12,38.0,8
Alec Ingold,RB,MIA,38.7,0,0,0,0.0,0.0,15,49,0.6,20,16,123,0.5,1.7,1.4,1.8,1.6,12,36.080000000000005,8
Ty Chandler,RB,MIN,25.2,0,0,0,0.0,0.0,37,169,0.0,5,4,35,0.2,2.3,7.1,0.0,4.7,6,35.2,8
Hunter Luepke,RB,DAL,38.7,0,0,0,0.0,0.0,25,100,1.0,16,12,93,0.3,1.6,0.6,0.0,1.1,10,34.480000000000004,8
Tahj Brooks,RB,CIN,33.8,0,0,0,0.0,0.0,32,130,1.0,10,7,54,0.3,,,,,10,33.8,8
Cordarrelle Patterson,RB,PIT,19.0,0,0,0,0.0,0.0,29,130,0.4,3,2,16,0.1,2.8,2.6,11.4,5.6,5,33.12,8
Trevor Etienne,RB,CAR,33.1,0,0,0,0.0,0.0,35,144,1.1,8,6,43,0.3,,,,,14,33.1,8
Patrick Ricard,RB,BAL,35.3,0,0,0,0.0,0.0,2,6,0.1,21,17,117,1.1,0.6,0.9,1.1,0.9,7,31.119999999999997,8
Alexander Mattison,RB,MIA,6.0,0,0,0,0.0,0.0,7,29,0.3,1,1,6,0.0,9.6,8.3,5.2,7.7,12,29.44,8
Craig Reynolds,RB,DET,23.4,0,0,0,0.0,0.0,33,158,0.0,5,4,34,0.1,1.5,2.1,3.8,2.5,8,26.72,8
Emari Demercado,RB,ARI,14.4,0,0,0,0.0,0.0,14,72,0.0,5,4,27,0.1,4.2,5.1,0.0,4.7,8,26.560000000000002,8
Michael Carter,RB,ARI,1.2,0,0,0,0.0,0.0,2,8,0.1,0,0,0,0.0,11.7,3.9,7.8,7.8,8,25.92,8
Dameon Pierce,RB,HOU,1.0,0,0,0,0.0,0.0,2,9,0.0,0,0,0,0.0,4.3,5.8,12.7,7.6,6,25.12,8
Samaje Perine,RB,CIN,4.1,0,0,0,0.0,0.0,3,13,0.1,1,1,9,0.0,4.6,7.1,8.8,6.8,10,25.040000000000003,8
Michael Burton,RB,DEN,28.5,0,0,0,0.0,0.0,10,39,0.4,14,10,82,0.6,1.6,0.2,0.2,0.7,12,25.04,8
Pierre Strong Jr.,RB,CLE,19.2,0,0,0,0.0,0.0,28,124,0.0,5,4,29,0.1,2.8,2.8,3.4,3.0,9,24.96,8
Isaiah Davis,RB,NYJ,11.1,0,0,0,0.0,0.0,17,69,0.0,3,2,16,0.1,5.0,0.0,0.0,5.0,9,24.880000000000003,8
Scott Matlock,RB,LAC,29.1,0,0,0,0.0,0.0,1,5,0.0,20,16,106,0.4,0.4,0.0,0.0,0.4,12,24.560000000000002,8
Woody Marks,RB,HOU,24.2,0,0,0,0.0,0.0,27,110,0.7,6,4,31,0.2,,,,,6,24.2,8
Clyde Edwards-Helaire,RB,NO,1.4,0,0,0,0.0,0.0,2,10,0.1,0,0,0,0.0,0.0,4.6,9.8,7.2,11,24.160000000000004,8
Kenneth Gainwell,RB,PIT,9.4,0,0,0,0.0,0.0,11,48,0.1,3,2,17,0.1,3.6,5.9,5.1,4.9,5,23.200000000000003,8
Jeremy McNichols,RB,WAS,13.1,0,0,0,0.0,0.0,14,66,0.4,3,2,16,0.1,3.8,0.0,0.0,3.8,12,22.64,8
Will Shipley,RB,PHI,20.1,0,0,0,0.0,0.0,41,170,0.3,1,1,5,0.0,1.9,0.0,0.0,1.9,9,22.160000000000004,8
Velus Jones Jr.,RB,NO,19.7,0,0,0,0.0,0.0,24,102,0.7,4,3,20,0.1,0.0,0.8,3.2,2.0,11,22.16,8
Jaleel McLaughlin,RB,DEN,1.6,0,0,0,0.0,0.0,3,13,0.0,0,0,0,0.0,6.0,6.2,0.0,6.1,12,20.8,8
Troy Hairston,RB,CLE,22.2,0,0,0,0.0,0.0,5,17,0.1,13,9,82,0.4,0.0,0.0,0.4,0.4,9,19.040000000000003,8
Devin Neal,RB,NO,19.0,0,0,0,0.0,0.0,22,89,0.7,4,3,20,0.1,,,,,11,19.0,8
Carson Steele,RB,KC,17.9,0,0,0,0.0,0.0,21,82,0.5,5,4,25,0.1,1.4,0.0,0.0,1.4,10,18.8,8
C.J. Ham,RB,MIN,18.8,0,0,0,0.0,0.0,4,15,0.2,12,9,55,0.2,0.8,0.5,1.8,1.0,6,18.240000000000002,8
Carlos Washington,RB,ATL,16.5,0,0,0,0.0,0.0,21,84,0.7,3,2,13,0.1,,,,,5,16.5,8
Hassan Haskins,RB,LAC,12.2,0,0,0,0.0,0.0,10,42,0.5,3,3,20,0.1,2.2,0.0,1.8,2.0,12,16.16,8
Jordan James,RB,SF,16.0,0,0,0,0.0,0.0,20,82,0.7,3,2,14,0.1,,,,,14,16.0,8
Kyle Monangai,RB,CHI,15.5,0,0,0,0.0,0.0,19,78,0.6,3,2,14,0.1,,,,,5,15.5,8
Andrew Beck,RB,NYJ,15.3,0,0,0,0.0,0.0,1,2,0.0,11,7,58,0.3,,,,,9,15.3,8
Tyler Goodson,RB,IND,7.5,0,0,0,0.0,0.0,9,42,0.1,2,1,9,0.1,2.9,2.8,0.0,2.9,11,15.28,8
Nyheim Hines,RB,LAC,1.8,0,0,0,0.0,0.0,3,11,0.1,0,0,0,0.0,0.0,0.0,4.3,4.3,12,15.2,8
Zamir White,RB,LV,5.7,0,0,0,0.0,0.0,9,41,0.2,0,0,3,0.0,4.4,4.9,0.6,3.3,8,15.120000000000001,8
Darrynton Evans,RB,BUF,3.5,0,0,0,0.0,0.0,4,17,0.1,0,0,4,0.0,0.0,4.8,2.5,3.7,7,14.640000000000002,8
Salvon Ahmed,RB,IND,1.6,0,0,0,0.0,0.0,2,11,0.1,0,0,0,0.0,0.0,5.3,2.2,3.8,11,13.440000000000001,8
Sincere McCormick,RB,LV,12.0,0,0,0,0.0,0.0,15,62,0.4,2,2,12,0.1,,,,,8,12.0,8
Ronnie Rivers,RB,LAR,2.4,0,0,0,0.0,0.0,4,18,0.0,0,0,3,0.0,3.4,2.7,3.0,3.0,8,11.520000000000001,8
Kimani Vidal,RB,LAC,1.0,0,0,0,0.0,0.0,2,10,0.0,0,0,0,0.0,3.2,0.0,0.0,3.2,12,11.040000000000003,8
Kenny McIntosh,RB,SEA,2.6,0,0,0,0.0,0.0,5,20,0.0,0,0,3,0.0,2.8,0.0,0.0,2.8,8,11.04,8
Patrick Taylor,RB,SF,2.4,0,0,0,0.0,0.0,3,13,0.1,0,0,3,0.0,4.1,2.6,1.0,2.6,14,10.24,9
Gary Brightwell,RB,CIN,2.4,0,0,0,0.0,0.0,3,11,0.1,0,0,3,0.0,0.0,0.0,2.5,2.5,10,9.92,9
Travis Homer,RB,CHI,2.0,0,0,0,0.0,0.0,2,8,0.1,1,0,3,0.0,1.0,0.0,4.2,2.6,5,9.92,9
Jordan Mims,RB,TEN,0.8,0,0,0,0.0,0.0,2,8,0.0,0,0,0,0.0,2.9,0.0,0.0,2.9,10,9.92,9
Christopher Brooks,RB,GB,0.7,0,0,0,0.0,0.0,1,5,0.0,0,0,0,0.0,3.2,2.5,0.0,2.9,5,9.84,9
Dare Ogunbowale,RB,HOU,0.5,0,0,0,0.0,0.0,1,3,0.0,0,0,0,0.0,3.2,0.8,3.7,2.6,6,8.72,9
Jermar Jefferson,RB,TEN,2.7,0,0,0,0.0,0.0,4,16,0.2,0,0,0,0.0,2.0,0.0,0.0,2.0,10,8.56,9
Avery Williams,RB,PHI,1.0,0,0,0,0.0,0.0,2,8,0.0,0,0,0,0.0,0.0,0.0,2.3,2.3,9,8.16,9
Julius Chestnut,RB,TEN,2.3,0,0,0,0.0,0.0,4,16,0.1,0,0,0,0.0,1.3,0.0,2.0,1.7,10,7.28,9
DeeJay Dallas,RB,ARI,1.1,0,0,0,0.0,0.0,3,11,0.0,0,0,0,0.0,2.3,0.6,3.2,2.0,8,7.28,9
Raheem Blackshear,RB,CAR,1.0,0,0,0,0.0,0.0,2,7,0.0,0,0,1,0.0,0.9,1.3,3.8,2.0,14,7.2,9
Eric Gray,RB,NYG,2.1,0,0,0,0.0,0.0,2,8,0.1,0,0,4,0.0,1.6,1.7,0.0,1.7,14,7.120000000000001,9
Jakob Johnson,RB,HOU,6.7,0,0,0,0.0,0.0,0,1,0.0,4,3,23,0.2,0.0,0.2,0.4,0.3,6,6.32,9
Trayveon Williams,RB,NE,1.9,0,0,0,0.0,0.0,2,9,0.1,0,0,2,0.0,0.0,0.8,1.6,1.2,14,5.359999999999999,9
J.J. Taylor,RB,HOU,1.0,0,0,0,0.0,0.0,2,6,0.0,0,0,0,0.0,1.5,0.0,1.0,1.3,6,4.96,9
Kene Nwangwu,RB,NYJ,1.4,0,0,0,0.0,0.0,2,9,0.0,0,0,1,0.0,0.0,0.3,1.7,1.0,9,4.32,9
Jacory Croskey-Merritt,RB,WAS,3.5,0,0,0,0.0,0.0,4,18,0.1,1,1,3,0.0,,,,,12,3.5,9
Sione Vaki,RB,DET,1.1,0,0,0,0.0,0.0,3,11,0.0,0,0,0,0.0,0.8,0.0,0.0,0.8,8,3.4400000000000004,9
Jashaun Corbin,RB,ATL,3.2,0,0,0,0.0,0.0,4,16,0.1,0,0,3,0.0,,,,,5,3.2,9
Reggie Gilliam,RB,BUF,1.2,0,0,0,0.0,0.0,1,3,0.0,1,0,2,0.0,0.0,0.1,1.3,0.7,7,3.1999999999999997,9
Elijah Dotson,RB,ATL,3.1,0,0,0,0.0,0.0,4,15,0.1,0,0,3,0.0,,,,,5,3.1,9
Corey Kiner,RB,SF,3.1,0,0,0,0.0,0.0,4,16,0.1,0,0,3,0.0,,,,,14,3.1,9
Deion Hankins,RB,CHI,3.1,0,0,0,0.0,0.0,4,16,0.1,1,0,3,0.0,,,,,5,3.1,9
Tre Stewart,RB,MIN,3.0,0,0,0,0.0,0.0,3,14,0.1,1,0,2,0.0,,,,,6,3.0,9
Frank Gore Jr.,RB,BUF,2.9,0,0,0,0.0,0.0,3,13,0.1,0,0,3,0.0,,,,,7,2.9,9
Nate Noel,RB,MIA,2.9,0,0,0,0.0,0.0,4,14,0.1,1,0,3,0.0,,,,,12,2.9,9
Emani Bailey,RB,CAR,2.7,0,0,0,0.0,0.0,3,13,0.1,0,0,3,0.0,,,,,14,2.7,9
Marcus Major,RB,BAL,2.6,0,0,0,0.0,0.0,3,14,0.1,0,0,2,0.0,,,,,7,2.6,9
Donovan Edwards,RB,NYJ,2.6,0,0,0,0.0,0.0,3,14,0.1,1,0,3,0.0,,,,,9,2.6,9
Shunderrick Powell,RB,PHI,2.6,0,0,0,0.0,0.0,1,2,0.0,1,1,7,0.1,,,,,9,2.6,9
George Holani,RB,SEA,2.5,0,0,0,0.0,0.0,5,19,0.0,0,0,3,0.0,,,,,8,2.5,9
Lan Larison,RB,NE,2.5,0,0,0,0.0,0.0,3,13,0.1,0,0,2,0.0,,,,,14,2.5,9
Cody Schrader,RB,LAR,2.5,0,0,0,0.0,0.0,3,13,0.1,0,0,2,0.0,,,,,8,2.5,9
Kye Robichaux,RB,DET,2.4,0,0,0,0.0,0.0,4,15,0.1,0,0,0,0.0,,,,,8,2.4,9
Chris Collier,RB,LV,2.1,0,0,0,0.0,0.0,0,0,0.0,1,1,8,0.0,,,,,8,2.1,9
Dylan Laube,RB,LV,2.0,0,0,0,0.0,0.0,4,15,0.1,0,0,0,0.0,,,,,8,2.0,9
Josh Williams,RB,TB,2.0,0,0,0,0.0,0.0,3,14,0.1,0,0,0,0.0,,,,,9,2.0,9
Ahmani Marshall,RB,CLE,1.9,0,0,0,0.0,0.0,3,13,0.1,0,0,0,0.0,,,,,9,1.9,9
D.J. Williams,RB,TB,1.8,0,0,0,0.0,0.0,3,12,0.1,0,0,0,0.0,,,,,9,1.8,9
Rasheen Ali,RB,BAL,1.8,0,0,0,0.0,0.0,4,16,0.0,0,0,1,0.0,,,,,7,1.8,9
Jalen White,RB,GB,1.7,0,0,0,0.0,0.0,3,12,0.1,0,0,0,0.0,,,,,5,1.7,9
Amar Johnson,RB,GB,1.7,0,0,0,0.0,0.0,3,12,0.1,0,0,0,0.0,,,,,5,1.7,9
Tyler Badie,RB,DEN,1.7,0,0,0,0.0,0.0,4,17,0.0,0,0,0,0.0,,,,,12,1.7,9
Dante Miller,RB,NYG,1.6,0,0,0,0.0,0.0,2,10,0.1,0,0,1,0.0,,,,,14,1.6,9
Jaret Patterson,RB,LAC,1.9,0,0,0,0.0,0.0,3,13,0.1,0,0,0,0.0,0.0,0.0,0.0,0.0,12,1.52,9
Montrell Johnson Jr.,RB,PHI,1.5,0,0,0,0.0,0.0,3,11,0.1,0,0,0,0.0,,,,,9,1.5,9
Elijah Young,RB,KC,1.3,0,0,0,0.0,0.0,2,8,0.1,0,0,0,0.0,,,,,10,1.3,9
Brashard Smith,RB,KC,1.3,0,0,0,0.0,0.0,2,8,0.1,0,0,0,0.0,,,,,10,1.3,9
Phil Mafah,RB,DAL,1.2,0,0,0,0.0,0.0,2,8,0.1,0,0,0,0.0,,,,,10,1.2,9
Ja’Quinden Jackson,RB,JAC,1.0,0,0,0,0.0,0.0,2,6,0.1,0,0,0,0.0,,,,,8,1.0,9
LeQuint Allen,RB,JAC,1.0,0,0,0,0.0,0.0,2,6,0.1,0,0,0,0.0,,,,,8,1.0,9
Keilan Robinson,RB,PHI,0.9,0,0,0,0.0,0.0,2,7,0.0,0,0,0,0.0,,,,,9,0.9,9
Evan Hull,RB,PIT,0.8,0,0,0,0.0,0.0,1,6,0.0,0,0,0,0.0,,,,,5,0.8,9
Brock Bowers,TE,LV,283.5,0,0,0,0.0,0.0,6,23,0.2,145,121,1195,6.8,15.4,0.0,0.0,15.4,8,276.08000000000004,1
Trey McBride,TE,ARI,262.4,0,0,0,0.0,0.0,1,4,0.0,137,111,1096,7.0,15.2,10.6,3.8,9.9,8,241.6,2
George Kittle,TE,SF,225.7,0,0,0,0.0,0.0,0,0,0.0,100,84,1033,6.4,15.7,12.7,13.3,13.9,14,225.04000000000002,3
T.J. Hockenson,TE,MIN,191.9,0,0,0,0.0,0.0,0,0,0.0,110,82,878,3.8,8.6,14.6,12.4,11.9,6,191.60000000000002,4
David Njoku,TE,CLE,189.6,0,0,0,0.0,0.0,0,0,0.0,126,87,753,4.7,13.1,12.6,10.1,11.9,9,189.76000000000002,4
Sam LaPorta,TE,DET,181.6,0,0,0,0.0,0.0,0,0,0.0,97,72,770,5.5,10.9,13.8,0.0,12.4,8,184.96,4
Travis Kelce,TE,KC,170.0,0,0,0,0.0,0.0,1,3,0.0,98,76,675,4.5,12.3,14.7,18.4,15.1,10,184.32,4
Mark Andrews,TE,BAL,165.3,0,0,0,0.0,0.0,3,12,0.1,75,63,703,5.2,11.1,13.5,12.5,12.4,7,171.92000000000002,5
Evan Engram,TE,DEN,164.3,0,0,0,0.0,0.0,0,0,0.0,103,78,651,3.7,9.7,13.5,10.2,11.1,12,166.96000000000004,5
Tyler Warren,TE,IND,164.7,0,0,0,0.0,0.0,0,0,0.0,95,71,698,4.2,,,,,11,164.7,5
Zach Ertz,TE,WAS,153.7,0,0,0,0.0,0.0,0,0,0.0,88,63,589,5.4,10.2,7.3,11.1,9.5,12,153.35999999999999,6
Dalton Kincaid,TE,BUF,153.9,0,0,0,0.0,0.0,0,0,0.0,94,65,621,4.5,7.7,9.4,0.0,8.6,7,150.64000000000001,6
Tucker Kraft,TE,GB,158.2,0,0,0,0.0,0.0,3,13,0.1,82,60,698,4.5,9.4,4.6,0.0,7.0,5,148.96,6
Dallas Goedert,TE,PHI,139.2,0,0,0,0.0,0.0,0,0,0.0,72,56,583,4.2,10.3,9.7,11.9,10.6,9,145.28,6
Hunter Henry,TE,NE,149.6,0,0,0,0.0,0.0,0,0,0.0,86,62,599,4.7,9.1,8.5,6.1,7.9,14,144.96,6
Chigoziem Okonkwo,TE,TEN,156.1,0,0,0,0.0,0.0,1,5,0.1,92,69,678,3.2,6.5,6.6,5.6,6.2,10,144.72,6
Jake Ferguson,TE,DAL,149.0,0,0,0,0.0,0.0,0,0,0.0,99,69,618,3.2,7.4,10.4,3.0,6.9,10,141.28,6
Pat Freiermuth,TE,PIT,140.0,0,0,0,0.0,0.0,0,0,0.0,75,60,588,3.6,9.9,6.2,9.3,8.5,5,139.2,6
Darren Waller,TE,MIA,130.9,0,0,0,0.0,0.0,0,0,0.0,81,48,589,4.0,0.0,9.4,9.3,9.4,12,134.8,6
Colston Loveland,TE,CHI,133.7,0,0,0,0.0,0.0,0,0,0.0,83,58,532,3.8,,,,,5,133.7,6
Jonnu Smith,TE,PIT,134.3,0,0,0,0.0,0.0,2,9,0.1,70,57,548,3.6,13.1,7.3,3.6,8.0,5,133.04000000000002,6
Dalton Schultz,TE,HOU,130.3,0,0,0,0.0,0.0,0,0,0.0,85,56,582,2.7,6.9,10.0,9.5,8.8,6,132.4,6
Cade Otton,TE,TB,132.7,0,0,0,0.0,0.0,1,3,0.0,82,56,540,3.7,10.1,6.7,5.8,7.5,9,130.16,6
Isaiah Likely,TE,BAL,136.7,0,0,0,0.0,0.0,0,0,0.0,68,52,572,4.6,7.7,5.9,5.7,6.4,7,129.84,6
Mike Gesicki,TE,CIN,137.2,0,0,0,0.0,0.0,0,0,0.0,80,60,610,2.7,8.3,3.8,5.8,6.0,10,128.95999999999998,6
Kyle Pitts,TE,ATL,124.4,0,0,0,0.0,0.0,0,0,0.0,72,46,549,3.9,7.7,8.1,7.5,7.8,5,124.48000000000002,6
Tyler Conklin,TE,LAC,120.7,0,0,0,0.0,0.0,1,4,0.0,73,53,511,2.7,7.4,7.2,7.7,7.4,12,120.24000000000001,6
Juwan Johnson,TE,NO,116.1,0,0,0,0.0,0.0,0,0,0.0,70,50,528,2.3,7.2,7.5,8.4,7.7,11,117.52,6
Brenton Strange,TE,JAC,131.6,0,0,0,0.0,0.0,0,0,0.0,76,57,566,3.2,5.4,1.0,0.0,3.2,8,115.52000000000001,6
Tyler Higbee,TE,LAR,93.4,0,0,0,0.0,0.0,0,0,0.0,56,38,356,3.3,8.7,7.2,8.9,8.3,8,101.28000000000002,7
Ja’Tavion Sanders,TE,CAR,103.4,0,0,0,0.0,0.0,0,0,0.0,65,46,435,2.3,4.6,0.0,0.0,4.6,14,97.44000000000001,7
Noah Gray,TE,KC,98.5,0,0,0,0.0,0.0,0,0,0.0,52,40,412,2.9,6.6,4.1,4.1,4.9,10,94.48000000000002,7
Austin Hooper,TE,NE,79.1,0,0,0,0.0,0.0,0,0,0.0,43,34,344,1.9,6.4,2.8,5.7,5.0,14,79.28,8
Taysom Hill,TE,NO,56.2,12,18,123,0.6,0.4,29,136,1.1,24,17,151,0.7,12.5,8.9,9.0,10.1,11,77.28,8
Theo Johnson,TE,NYG,71.6,0,0,0,0.0,0.0,0,0,0.0,46,32,308,1.6,5.7,0.0,0.0,5.7,14,75.52000000000001,8
Will Dissly,TE,LAC,68.5,0,0,0,0.0,0.0,0,0,0.0,39,30,286,1.7,7.3,2.5,5.7,5.2,12,71.44,8
AJ Barner,TE,SEA,65.5,0,0,0,0.0,0.0,0,0,0.0,40,29,250,1.9,4.6,0.0,0.0,4.6,8,67.12,8
Elijah Higgins,TE,ARI,71.1,0,0,0,0.0,0.0,0,0,0.0,42,32,293,1.8,2.9,3.3,0.0,3.1,8,66.8,8
Mason Taylor,TE,NYJ,66.0,0,0,0,0.0,0.0,0,0,0.0,43,30,262,1.7,,,,,9,66.0,8
Ben Sinnott,TE,WAS,78.6,0,0,0,0.0,0.0,0,0,0.0,50,35,290,2.5,0.8,0.0,0.0,0.8,12,65.44,8
Dawson Knox,TE,BUF,56.7,0,0,0,0.0,0.0,0,0,0.0,33,22,233,1.9,3.7,4.3,9.0,5.7,7,63.60000000000001,8
Michael Mayer,TE,LV,62.4,0,0,0,0.0,0.0,0,0,0.0,41,28,257,1.5,3.3,4.9,0.0,4.1,8,63.04,8
Elijah Arroyo,TE,SEA,62.7,0,0,0,0.0,0.0,0,0,0.0,39,27,243,1.9,,,,,8,62.7,8
Josh Whyle,TE,TEN,64.7,0,0,0,0.0,0.0,0,0,0.0,38,29,276,1.4,3.4,2.2,0.0,2.8,10,60.720000000000006,8
Foster Moreau,TE,NO,48.1,0,0,0,0.0,0.0,0,0,0.0,27,20,216,1.2,6.1,3.1,5.7,5.0,11,54.480000000000004,8
Tanner Hudson,TE,CIN,51.1,0,0,0,0.0,0.0,2,8,0.1,29,23,198,1.2,3.5,6.7,2.1,4.1,10,54.0,8
Luke Musgrave,TE,GB,49.2,0,0,0,0.0,0.0,0,0,0.0,29,21,196,1.5,1.6,6.8,0.0,4.2,5,52.80000000000001,8
Luke Schoonmaker,TE,DAL,51.3,0,0,0,0.0,0.0,0,0,0.0,32,23,214,1.1,3.4,1.5,0.0,2.5,10,49.04,8
Colby Parkinson,TE,LAR,42.7,0,0,0,0.0,0.0,0,0,0.0,26,17,173,1.4,3.8,3.6,4.1,3.8,8,46.32000000000001,8
Pharaoh Brown,TE,MIA,50.4,0,0,0,0.0,0.0,0,0,0.0,28,21,203,1.5,0.8,2.2,1.4,1.5,12,45.120000000000005,8
Durham Smythe,TE,CHI,45.3,0,0,0,0.0,0.0,0,0,0.0,33,21,169,1.3,0.8,4.4,2.4,2.5,5,44.24,8
Daniel Bellinger,TE,NYG,41.0,0,0,0,0.0,0.0,0,0,0.0,27,20,174,0.7,1.5,2.9,6.0,3.5,14,44.00000000000001,8
Josh Oliver,TE,MIN,41.2,0,0,0,0.0,0.0,0,0,0.0,25,18,181,0.8,4.3,3.1,2.4,3.3,6,43.52,8
Kylen Granson,TE,PHI,35.1,0,0,0,0.0,0.0,0,0,0.0,21,13,146,1.2,1.9,4.8,4.7,3.8,9,40.24,8
Adam Trautman,TE,DEN,35.4,0,0,0,0.0,0.0,0,0,0.0,22,15,144,1.1,2.5,3.5,2.9,3.0,12,37.92,9
Eric Saubert,TE,SEA,39.6,0,0,0,0.0,0.0,0,0,0.0,25,18,151,1.2,1.5,0.5,2.1,1.4,8,36.160000000000004,9
Ian Thomas,TE,LV,38.2,0,0,0,0.0,0.0,0,0,0.0,26,18,156,0.8,0.6,0.8,2.4,1.3,8,34.72,9
Cole Kmet,TE,CHI,8.5,0,0,0,0.0,0.0,0,0,0.0,5,4,36,0.2,6.9,10.6,8.6,8.7,5,34.64,9
Cade Stover,TE,HOU,33.9,0,0,0,0.0,0.0,0,0,0.0,23,16,142,0.6,2.3,0.0,0.0,2.3,6,34.480000000000004,9
Drew Sample,TE,CIN,35.1,0,0,0,0.0,0.0,1,4,0.0,24,18,128,0.7,2.1,2.9,1.0,2.0,10,34.480000000000004,9
Terrance Ferguson,TE,LAR,33.3,0,0,0,0.0,0.0,0,0,0.0,20,14,125,1.2,,,,,8,33.3,9
Johnny Mundt,TE,JAC,31.5,0,0,0,0.0,0.0,0,0,0.0,20,14,123,0.8,2.6,2.4,2.3,2.4,8,32.88,9
Stone Smartt,TE,NYJ,34.3,0,0,0,0.0,0.0,0,0,0.0,22,15,151,0.7,2.4,2.0,0.7,1.7,9,32.879999999999995,9
Jeremy Ruckert,TE,NYJ,35.9,0,0,0,0.0,0.0,0,0,0.0,27,18,144,0.6,1.6,2.1,0.2,1.3,9,32.879999999999995,9
Harold Fannin Jr.,TE,CLE,29.9,0,0,0,0.0,0.0,0,0,0.0,21,14,120,0.6,,,,,9,29.9,9
Darnell Washington,TE,PIT,30.5,0,0,0,0.0,0.0,0,0,0.0,19,14,127,0.7,2.6,0.8,0.0,1.7,5,29.840000000000003,9
Charlie Kolar,TE,BAL,25.3,0,0,0,0.0,0.0,1,5,0.1,13,10,103,0.7,2.2,1.5,4.0,2.6,7,28.560000000000002,9
Quintin Morris,TE,JAC,29.7,0,0,0,0.0,0.0,0,0,0.0,20,13,119,0.8,0.9,0.7,1.4,1.0,8,26.96,9
Jelani Woods,TE,IND,14.0,0,0,0,0.0,0.0,0,0,0.0,8,6,58,0.4,0.0,0.0,4.9,4.9,11,26.880000000000003,9
Will Mallory,TE,IND,25.2,0,0,0,0.0,0.0,0,0,0.0,16,11,111,0.5,0.6,3.2,0.0,1.9,11,26.240000000000002,9
Julian Hill,TE,MIA,28.0,0,0,0,0.0,0.0,0,0,0.0,20,13,107,0.7,1.4,0.5,0.0,1.0,12,25.6,9
Kenny Yeboah,TE,DET,25.7,0,0,0,0.0,0.0,0,0,0.0,17,12,106,0.6,1.7,0.8,0.0,1.3,8,24.720000000000002,9
James Mitchell,TE,CAR,25.7,0,0,0,0.0,0.0,0,0,0.0,18,12,100,0.7,0.0,0.3,2.0,1.2,14,24.400000000000002,9
Grant Calcaterra,TE,PHI,23.8,0,0,0,0.0,0.0,0,0,0.0,14,10,101,0.6,3.5,0.5,0.9,1.6,9,24.160000000000004,9
Irv Smith Jr.,TE,HOU,10.6,0,0,0,0.0,0.0,0,0,0.0,8,5,43,0.2,0.0,2.8,6.9,4.9,6,24.160000000000004,9
Oronde Gadsden II,TE,LAC,23.5,0,0,0,0.0,0.0,0,0,0.0,15,10,92,0.7,,,,,12,23.5,9
Harrison Bryant,TE,PHI,19.1,0,0,0,0.0,0.0,0,0,0.0,12,9,76,0.5,1.3,2.2,3.5,2.3,9,22.64,9
Tommy Tremble,TE,CAR,12.1,0,0,0,0.0,0.0,0,0,0.0,8,6,51,0.2,4.7,3.8,3.1,3.9,14,22.16,9
Greg Dulcich,TE,NYG,11.1,0,0,0,0.0,0.0,0,0,0.0,7,5,46,0.3,0.8,2.5,8.6,4.0,14,21.68,9
Mo Alie-Cox,TE,IND,16.1,0,0,0,0.0,0.0,0,0,0.0,10,7,69,0.4,1.9,2.8,3.1,2.6,11,21.200000000000003,9
Jack Stoll,TE,NO,23.7,0,0,0,0.0,0.0,0,0,0.0,18,12,94,0.5,0.3,0.5,1.4,0.7,11,21.2,9
Charlie Woerner,TE,ATL,23.9,0,0,0,0.0,0.0,0,0,0.0,18,12,97,0.4,0.7,0.4,0.0,0.6,5,21.04,9
Lucas Krull,TE,DEN,13.9,0,0,0,0.0,0.0,0,0,0.0,9,7,58,0.2,2.6,3.3,0.0,3.0,12,20.720000000000002,9
Robert Tonyan,TE,KC,10.0,0,0,0,0.0,0.0,0,0,0.0,6,4,39,0.3,0.0,1.3,6.5,3.9,10,20.48,9
Payne Durham,TE,TB,19.5,0,0,0,0.0,0.0,0,0,0.0,12,8,80,0.6,2.1,0.8,0.0,1.5,9,20.400000000000002,9
Brock Wright,TE,DET,14.6,0,0,0,0.0,0.0,0,0,0.0,9,7,56,0.4,2.1,2.0,3.7,2.6,8,20.0,9
Brevin Jordan,TE,HOU,13.2,0,0,0,0.0,0.0,0,0,0.0,8,6,57,0.3,1.0,3.8,2.4,2.4,6,18.240000000000002,9
Tanner Conner,TE,MIA,20.0,0,0,0,0.0,0.0,0,0,0.0,12,7,93,0.6,0.7,0.0,0.0,0.7,12,18.24,9
Luke Farrell,TE,SF,17.7,0,0,0,0.0,0.0,0,0,0.0,12,8,70,0.4,1.1,1.6,0.5,1.1,14,17.68,9
Josiah Deguara,TE,ARI,18.0,0,0,0,0.0,0.0,0,0,0.0,11,8,70,0.5,0.3,0.9,1.4,0.9,8,17.28,9
Brenden Bates,TE,CLE,17.0,0,0,0,0.0,0.0,0,0,0.0,12,8,70,0.3,,,,,9,17.0,9
Ross Dwelley,TE,SF,18.0,0,0,0,0.0,0.0,0,0,0.0,12,8,72,0.5,0.1,0.2,1.9,0.7,14,16.64,9
Drew Ogletree,TE,IND,12.0,0,0,0,0.0,0.0,0,0,0.0,7,5,51,0.3,1.5,2.9,0.0,2.2,11,16.64,9
Gunnar Helm,TE,TEN,16.0,0,0,0,0.0,0.0,0,0,0.0,10,7,64,0.4,,,,,10,16.0,9
Hunter Long,TE,JAC,15.7,0,0,0,0.0,0.0,0,0,0.0,10,7,67,0.3,0.8,0.0,0.0,0.8,8,15.120000000000001,9
Ko Kieft,TE,TB,15.6,0,0,0,0.0,0.0,0,0,0.0,10,7,61,0.5,0.0,0.4,1.2,0.8,9,15.040000000000001,9
Teagan Quitoriano,TE,ATL,8.9,0,0,0,0.0,0.0,0,0,0.0,6,4,37,0.2,0.0,0.7,3.3,2.0,5,13.520000000000001,9
Blake Whiteheart,TE,CLE,10.6,0,0,0,0.0,0.0,0,0,0.0,7,5,44,0.2,1.5,0.0,0.0,1.5,9,13.280000000000001,9
Albert Okwuegbunam,TE,IND,3.1,0,0,0,0.0,0.0,0,0,0.0,2,1,13,0.1,0.0,0.0,3.1,3.1,11,12.400000000000002,9
Shane Zylstra,TE,DET,8.1,0,0,0,0.0,0.0,0,0,0.0,5,4,33,0.2,0.3,0.0,3.2,1.8,8,12.240000000000002,9
David Martin-Robinson,TE,TEN,11.5,0,0,0,0.0,0.0,0,0,0.0,8,5,47,0.2,,,,,10,11.5,9
Zack Kuntz,TE,NYJ,10.5,0,0,0,0.0,0.0,0,0,0.0,7,4,48,0.3,,,,,9,10.5,9
Lawrence Cager,TE,WAS,1.5,0,0,0,0.0,0.0,0,0,0.0,1,1,6,0.0,0.0,1.4,4.3,2.9,12,10.48,9
Cam Grandy,TE,CIN,9.3,0,0,0,0.0,0.0,0,0,0.0,6,4,34,0.3,0.9,0.0,0.0,0.9,10,10.320000000000002,9
Patrick Herbert,TE,JAC,10.1,0,0,0,0.0,0.0,0,0,0.0,6,5,40,0.3,,,,,8,10.1,9
John Copenhaver,TE,JAC,10.1,0,0,0,0.0,0.0,0,0,0.0,6,5,40,0.3,,,,,8,10.1,9
Tanner Taula,TE,TB,9.3,0,0,0,0.0,0.0,0,0,0.0,6,3,42,0.3,,,,,9,9.3,9
Devin Culp,TE,TB,9.3,0,0,0,0.0,0.0,0,0,0.0,6,4,38,0.2,,,,,9,9.3,9
Tip Reiman,TE,ARI,9.6,0,0,0,0.0,0.0,0,0,0.0,7,5,39,0.2,0.5,0.0,0.0,0.5,8,9.28,9
Mitchell Evans,TE,CAR,9.1,0,0,0,0.0,0.0,0,0,0.0,6,4,36,0.2,,,,,14,9.1,9
Moliki Matavao,TE,NO,9.1,0,0,0,0.0,0.0,0,0,0.0,6,4,37,0.2,,,,,11,9.1,9
Seth Green,TE,NO,9.0,0,0,0,0.0,0.0,0,0,0.0,6,4,43,0.2,,,,,11,9.0,9
Bryce Pierre,TE,CAR,8.9,0,0,0,0.0,0.0,0,0,0.0,6,4,35,0.2,,,,,14,8.9,9
Tyler Mabry,TE,CAR,8.8,0,0,0,0.0,0.0,0,0,0.0,6,4,35,0.2,,,,,14,8.8,9
John Bates,TE,WAS,4.5,0,0,0,0.0,0.0,0,0,0.0,3,2,17,0.1,0.8,2.0,1.9,1.6,12,8.72,9
Luke Deal,TE,DET,8.6,0,0,0,0.0,0.0,0,0,0.0,6,4,35,0.2,,,,,8,8.6,9
Zach Horton,TE,DET,8.6,0,0,0,0.0,0.0,0,0,0.0,6,4,35,0.2,,,,,8,8.6,9
Nate Adkins,TE,DEN,3.4,0,0,0,0.0,0.0,0,0,0.0,2,2,13,0.1,2.5,0.6,0.0,1.6,12,7.840000000000002,9
Chris Manhertz,TE,NYG,6.8,0,0,0,0.0,0.0,0,0,0.0,4,3,28,0.2,0.7,0.2,0.6,0.5,14,7.040000000000001,9
Jalin Conyers,TE,MIA,6.9,0,0,0,0.0,0.0,0,0,0.0,4,3,27,0.2,,,,,12,6.9,9
Dominique Dafney,TE,CAR,8.4,0,0,0,0.0,0.0,0,0,0.0,5,3,39,0.2,0.0,0.0,0.0,0.0,14,6.720000000000001,9
Ben Sims,TE,GB,5.6,0,0,0,0.0,0.0,0,0,0.0,3,2,22,0.2,0.5,0.8,0.0,0.7,5,6.719999999999999,9
Tre Watson,TE,KC,6.5,0,0,0,0.0,0.0,0,0,0.0,4,3,25,0.2,,,,,10,6.5,9
Jake Briningstool,TE,KC,6.5,0,0,0,0.0,0.0,0,0,0.0,4,3,25,0.2,,,,,10,6.5,9
Connor Heyward,TE,PIT,0.8,0,0,0,0.0,0.0,0,0,0.0,1,0,3,0.0,0.9,2.3,2.1,1.8,5,6.4,9
Luke Lachey,TE,HOU,6.2,0,0,0,0.0,0.0,0,0,0.0,4,3,25,0.2,,,,,6,6.2,9
Oscar Cardenas,TE,ARI,5.9,0,0,0,0.0,0.0,0,0,0.0,4,3,23,0.2,,,,,8,5.9,9
Brayden Willis,TE,SF,5.5,0,0,0,0.0,0.0,0,0,0.0,4,2,22,0.1,,,,,14,5.5,9
Brevyn Spann-Ford,TE,DAL,2.7,0,0,0,0.0,0.0,0,0,0.0,2,1,11,0.1,1.0,0.0,0.0,1.0,10,5.36,9
Drake Dabney,TE,TEN,5.2,0,0,0,0.0,0.0,0,0,0.0,3,2,21,0.1,,,,,10,5.2,9
Cole Turner,TE,WAS,1.6,0,0,0,0.0,0.0,0,0,0.0,1,1,7,0.0,0.0,1.9,0.4,1.2,12,5.12,9
Thomas Odukoya,TE,TEN,5.0,0,0,0,0.0,0.0,0,0,0.0,3,2,23,0.1,,,,,10,5.0,9
Kole Taylor,TE,CIN,4.9,0,0,0,0.0,0.0,0,0,0.0,3,2,19,0.1,,,,,10,4.9,9
Zach Davidson,TE,BUF,4.5,0,0,0,0.0,0.0,0,0,0.0,3,2,16,0.1,,,,,7,4.5,9
Tanner McLachlan,TE,CIN,4.5,0,0,0,0.0,0.0,0,0,0.0,3,2,18,0.1,,,,,10,4.5,9
Jared Wiley,TE,KC,5.1,0,0,0,0.0,0.0,0,0,0.0,3,2,20,0.2,0.1,0.0,0.0,0.1,10,4.4,9
Caleb Lohner,TE,DEN,4.3,0,0,0,0.0,0.0,0,0,0.0,3,2,17,0.1,,,,,12,4.3,9
Ben Yurosek,TE,MIN,4.2,0,0,0,0.0,0.0,0,0,0.0,3,2,17,0.1,,,,,6,4.2,9
Bryson Nesbit,TE,MIN,4.2,0,0,0,0.0,0.0,0,0,0.0,3,2,17,0.1,,,,,6,4.2,9
Giovanni Ricci,TE,MIN,2.0,0,0,0,0.0,0.0,0,0,0.0,1,1,8,0.0,0.0,0.3,1.2,0.8,6,4.16,9
Feleipe Franks,TE,ATL,3.8,0,0,0,0.0,0.0,0,0,0.0,3,2,16,0.1,,,,,5,3.8,9
Jackson Hawes,TE,BUF,3.7,0,0,0,0.0,0.0,0,0,0.0,2,2,14,0.1,,,,,7,3.7,9
Gee Scott,TE,NE,3.7,0,0,0,0.0,0.0,0,0,0.0,2,2,14,0.1,,,,,14,3.7,9
Keleki Latu,TE,BUF,3.7,0,0,0,0.0,0.0,0,0,0.0,2,2,14,0.1,,,,,7,3.7,9
CJ Dippre,TE,NE,3.7,0,0,0,0.0,0.0,0,0,0.0,2,2,14,0.1,,,,,14,3.7,9
Thomas Fidone II,TE,NYG,3.6,0,0,0,0.0,0.0,0,0,0.0,2,2,14,0.1,,,,,14,3.6,9
Jermaine Terry II,TE,NYG,3.6,0,0,0,0.0,0.0,0,0,0.0,2,2,14,0.1,,,,,14,3.6,9
Jaheim Bell,TE,NE,3.3,0,0,0,0.0,0.0,0,0,0.0,2,2,14,0.1,0.3,0.0,0.0,0.3,14,3.6,9
Jack Westover,TE,NE,3.5,0,0,0,0.0,0.0,0,0,0.0,2,2,14,0.1,,,,,14,3.5,9
Tyler Neville,TE,DAL,3.5,0,0,0,0.0,0.0,0,0,0.0,2,2,13,0.1,,,,,10,3.5,9
Rivaldo Fairweather,TE,DAL,3.5,0,0,0,0.0,0.0,0,0,0.0,2,2,13,0.1,,,,,10,3.5,9
Sean McKeon,TE,IND,3.1,0,0,0,0.0,0.0,0,0,0.0,2,1,12,0.1,0.0,0.0,0.2,0.2,11,3.1200000000000006,9
Princeton Fant,TE,DAL,3.1,0,0,0,0.0,0.0,0,0,0.0,2,1,12,0.1,,,,,10,3.1,9
Jordan Murray,TE,CHI,3.1,0,0,0,0.0,0.0,0,0,0.0,2,1,12,0.1,,,,,5,3.1,9
Colson Yankoff,TE,WAS,3.0,0,0,0,0.0,0.0,0,0,0.0,2,1,11,0.1,,,,,12,3.0,9
John FitzPatrick,TE,GB,2.5,0,0,0,0.0,0.0,0,0,0.0,2,1,10,0.1,0.1,0.4,0.0,0.3,5,2.96,9
Jake Tonges,TE,SF,2.8,0,0,0,0.0,0.0,0,0,0.0,2,1,11,0.1,,,,,14,2.8,9
Travis Vokolek,TE,ARI,2.7,0,0,0,0.0,0.0,0,0,0.0,2,1,11,0.1,,,,,8,2.7,9
Joshua Simon,TE,ATL,2.6,0,0,0,0.0,0.0,0,0,0.0,2,1,10,0.1,,,,,5,2.6,9
Gavin Bartholomew,TE,MIN,2.6,0,0,0,0.0,0.0,0,0,0.0,2,1,11,0.1,,,,,6,2.6,9
Johnny Lumpkin,TE,GB,2.6,0,0,0,0.0,0.0,0,0,0.0,2,1,10,0.1,,,,,5,2.6,9
Messiah Swinson,TE,GB,2.6,0,0,0,0.0,0.0,0,0,0.0,2,1,10,0.1,,,,,5,2.6,9
Stephen Carlson,TE,CHI,3.1,0,0,0,0.0,0.0,0,0,0.0,2,1,12,0.1,0.0,0.0,0.0,0.0,5,2.4800000000000004,9
Justin Shorter,TE,LV,2.3,0,0,0,0.0,0.0,0,0,0.0,1,1,9,0.1,,,,,8,2.3,9
Matt Sokol,TE,BUF,1.7,0,0,0,0.0,0.0,0,0,0.0,1,1,6,0.1,,,,,7,1.7,9
Joel Wilson,TE,CHI,1.7,0,0,0,0.0,0.0,0,0,0.0,1,1,8,0.1,,,,,5,1.7,9
Tyree Jackson,TE,WAS,1.5,0,0,0,0.0,0.0,0,0,0.0,1,1,6,0.0,0.0,0.0,0.0,0.0,12,1.2000000000000002,9
Nikola Kalinic,TE,ATL,1.1,0,0,0,0.0,0.0,0,0,0.0,1,1,4,0.0,,,,,5,1.1,9
Sam Pitz,TE,BAL,1.1,0,0,0,0.0,0.0,0,0,0.0,1,0,4,0.0,,,,,7,1.1,9
Zaire Mitchell-Paden,TE,BAL,1.0,0,0,0,0.0,0.0,0,0,0.0,1,0,4,0.0,,,,,7,1.0,9
Ja’Marr Chase,WR,CIN,322.7,0,0,0,0.0,0.0,3,17,0.2,161,111,1517,9.8,23.6,16.4,20.1,20.0,10,322.16,1
Malik Nabers,WR,NYG,317.4,0,0,0,0.0,0.0,8,41,0.3,174,119,1445,8.1,18.1,0.0,0.0,18.1,14,311.84,2
Justin Jefferson,WR,MIN,292.0,0,0,0,0.0,0.0,1,5,0.1,155,105,1464,6.7,18.6,20.2,21.5,20.1,6,297.92,3
Puka Nacua,WR,LAR,296.9,0,0,0,0.0,0.0,21,106,0.9,151,105,1385,6.3,18.7,17.5,0.0,18.1,8,295.44,3
Amon-Ra St. Brown,WR,DET,285.6,0,0,0,0.0,0.0,2,10,0.1,145,102,1328,8.3,19.8,20.6,16.8,19.1,8,289.6,3
CeeDee Lamb,WR,DAL,278.9,0,0,0,0.0,0.0,17,86,0.7,148,100,1270,6.6,17.4,23.5,17.6,19.5,10,285.52,3
Nico Collins,WR,HOU,283.7,0,0,0,0.0,0.0,0,0,0.0,143,99,1456,6.7,17.5,17.1,9.7,14.8,6,274.32,4
Ladd McConkey,WR,LAC,276.3,0,0,0,0.0,0.0,0,0,0.0,145,99,1362,7.1,14.9,0.0,0.0,14.9,12,268.72,4
Tyreek Hill,WR,MIA,257.3,0,0,0,0.0,0.0,11,54,0.4,139,93,1193,6.4,12.8,23.4,20.1,18.8,12,266.00000000000006,4
A.J. Brown,WR,PHI,257.5,0,0,0,0.0,0.0,0,0,0.0,129,89,1271,7.1,16.6,17.0,17.6,17.1,9,260.72,4
Tee Higgins,WR,CIN,267.5,0,0,0,0.0,0.0,0,0,0.0,144,96,1215,8.4,18.5,11.4,13.6,14.5,10,260.4,4
Brian Thomas Jr.,WR,JAC,252.4,0,0,0,0.0,0.0,6,34,0.3,129,87,1245,6.2,16.4,0.0,0.0,16.4,8,254.4,4
Mike Evans,WR,TB,246.9,0,0,0,0.0,0.0,0,0,0.0,127,86,1201,6.9,17.1,16.6,15.1,16.3,9,249.68,4
Rashee Rice,WR,KC,248.3,0,0,0,0.0,0.0,5,26,0.3,136,95,1080,7.0,16.0,13.3,0.0,14.7,10,245.68,4
Drake London,WR,ATL,251.5,0,0,0,0.0,0.0,1,6,0.1,145,97,1132,6.8,16.5,10.7,10.4,12.5,5,241.20000000000002,4
Terry McLaurin,WR,WAS,239.3,0,0,0,0.0,0.0,2,10,0.1,119,80,1129,7.5,15.7,11.9,13.4,13.7,12,235.28000000000003,4
Davante Adams,WR,LAR,223.6,0,0,0,0.0,0.0,0,0,0.0,123,81,943,8.2,17.1,15.6,19.7,17.5,8,234.88,4
DJ Moore,WR,CHI,227.2,0,0,0,0.0,0.0,13,67,0.6,124,82,958,6.6,13.8,16.8,11.7,14.1,5,226.88,5
Courtland Sutton,WR,DEN,231.8,0,0,0,0.0,0.0,0,0,0.0,136,87,1091,6.0,14.1,11.9,10.5,12.2,12,224.48000000000002,5
Jaxon Smith-Njigba,WR,SEA,231.2,0,0,0,0.0,0.0,5,27,0.2,128,87,1061,5.9,15.1,8.8,0.0,12.0,8,223.36,5
DeVonta Smith,WR,PHI,216.4,0,0,0,0.0,0.0,1,5,0.0,108,73,983,7.4,15.3,14.2,15.1,14.9,9,220.8,5
Zay Flowers,WR,BAL,225.3,0,0,0,0.0,0.0,11,54,0.5,121,81,1079,4.8,12.2,12.7,0.0,12.5,7,220.24,5
Jakobi Meyers,WR,LV,217.9,0,0,0,0.0,0.0,3,14,0.1,124,83,1067,4.5,14.3,13.6,12.8,13.6,8,217.84000000000003,5
Chris Godwin,WR,TB,209.6,0,0,0,0.0,0.0,3,13,0.1,118,80,963,5.3,19.7,12.1,14.6,15.5,9,217.28,5
Garrett Wilson,WR,NYJ,216.6,0,0,0,0.0,0.0,1,5,0.0,140,91,932,5.3,14.6,12.5,12.6,13.2,9,215.52,5
Marvin Harrison Jr.,WR,ARI,223.0,0,0,0,0.0,0.0,0,0,0.0,132,84,1044,6.0,11.5,0.0,0.0,11.5,8,215.20000000000002,5
Jordan Addison,WR,MIN,208.0,0,0,0,0.0,0.0,3,18,0.2,119,75,991,5.2,14.1,13.0,0.0,13.6,6,209.92000000000002,5
Chris Olave,WR,NO,211.8,0,0,0,0.0,0.0,2,12,0.1,127,83,1006,4.5,9.5,14.3,13.1,12.3,11,208.80000000000004,5
Calvin Ridley,WR,TEN,208.1,0,0,0,0.0,0.0,8,42,0.4,118,74,993,4.9,11.6,13.4,0.0,12.5,10,206.48000000000002,5
Stefon Diggs,WR,NE,189.1,0,0,0,0.0,0.0,6,31,0.3,119,79,817,4.1,15.0,15.9,19.8,16.9,14,205.36,5
DK Metcalf,WR,PIT,199.1,0,0,0,0.0,0.0,0,0,0.0,110,71,959,5.5,12.7,14.1,13.3,13.4,5,202.16,5
Deebo Samuel,WR,WAS,196.6,0,0,0,0.0,0.0,18,88,0.7,104,69,862,4.8,10.2,16.2,12.9,13.1,12,199.2,5
George Pickens,WR,DAL,201.7,0,0,0,0.0,0.0,2,10,0.1,103,67,993,5.7,11.7,12.2,9.6,11.2,10,197.20000000000002,5
Travis Hunter,WR,JAC,196.1,0,0,0,0.0,0.0,0,0,0.0,108,71,948,5.2,,,,,8,196.1,5
Tetairoa McMillan,WR,CAR,192.3,0,0,0,0.0,0.0,0,0,0.0,111,71,933,4.8,,,,,14,192.3,5
Khalil Shakir,WR,BUF,210.5,0,0,0,0.0,0.0,2,12,0.1,121,82,952,5.3,12.1,6.6,2.3,7.0,7,190.8,5
Jayden Reed,WR,GB,188.4,0,0,0,0.0,0.0,17,95,0.8,94,61,871,4.4,11.5,13.4,0.0,12.5,5,190.72,5
Xavier Worthy,WR,KC,193.0,0,0,0,0.0,0.0,19,99,1.0,109,70,713,6.2,10.9,0.0,0.0,10.9,10,189.28,5
Cooper Kupp,WR,SEA,167.2,0,0,0,0.0,0.0,3,14,0.1,102,66,746,4.2,14.6,13.5,22.3,16.8,8,187.51999999999998,5
Jerry Jeudy,WR,CLE,184.9,0,0,0,0.0,0.0,0,0,0.0,109,70,932,3.7,13.9,8.8,13.6,12.1,9,186.64000000000001,6
Jaylen Waddle,WR,MIA,180.1,0,0,0,0.0,0.0,4,20,0.1,99,65,880,4.1,9.8,14.1,15.2,13.0,12,185.68,6
Michael Pittman Jr.,WR,IND,177.9,0,0,0,0.0,0.0,0,0,0.0,109,71,865,3.5,10.3,15.4,13.5,13.1,11,184.24,6
Jameson Williams,WR,DET,186.8,0,0,0,0.0,0.0,12,61,0.7,95,61,914,4.2,13.4,6.6,0.0,10.0,8,181.44000000000003,6
Jauan Jennings,WR,SF,187.2,0,0,0,0.0,0.0,0,0,0.0,104,69,920,4.4,14.0,3.9,5.1,7.7,14,174.39999999999998,6
Josh Downs,WR,IND,171.7,0,0,0,0.0,0.0,1,6,0.0,99,67,770,4.6,13.0,9.2,0.0,11.1,11,172.88,6
Rome Odunze,WR,CHI,181.7,0,0,0,0.0,0.0,3,17,0.1,111,68,815,5.1,8.5,0.0,0.0,8.5,5,172.56,6
Christian Kirk,WR,HOU,166.9,0,0,0,0.0,0.0,0,0,0.0,99,63,839,3.5,8.6,12.4,14.1,11.7,6,170.96,6
Darnell Mooney,WR,ATL,170.2,0,0,0,0.0,0.0,0,0,0.0,101,63,839,3.9,12.1,5.2,8.4,8.6,5,163.68,6
Wan’Dale Robinson,WR,NYG,161.7,0,0,0,0.0,0.0,4,18,0.1,104,67,708,3.6,10.6,8.8,8.5,9.3,14,159.12,6
Adam Thielen,WR,CAR,144.3,0,0,0,0.0,0.0,0,0,0.0,81,54,707,3.4,13.9,13.4,10.4,12.6,14,155.76000000000002,6
Ricky Pearsall,WR,SF,156.0,0,0,0,0.0,0.0,7,40,0.4,86,54,716,4.2,8.5,0.0,0.0,8.5,14,152.0,6
Emeka Egbuka,WR,TB,151.4,0,0,0,0.0,0.0,0,0,0.0,86,54,727,4.2,,,,,9,151.4,6
Quentin Johnston,WR,LAC,150.7,0,0,0,0.0,0.0,3,16,0.1,91,56,653,4.5,11.7,5.5,0.0,8.6,12,148.08,6
Romeo Doubs,WR,GB,147.8,0,0,0,0.0,0.0,0,0,0.0,86,55,702,3.9,10.0,10.2,7.8,9.3,5,148.0,6
Matthew Golden,WR,GB,146.4,0,0,0,0.0,0.0,0,0,0.0,82,52,681,4.4,,,,,5,146.4,7
Marvin Mims Jr.,WR,DEN,159.7,0,0,0,0.0,0.0,12,60,0.5,79,52,709,4.8,7.6,4.0,0.0,5.8,12,146.32,7
Luther Burden III,WR,CHI,141.1,0,0,0,0.0,0.0,0,0,0.0,85,53,640,4.2,,,,,5,141.1,7
Joshua Palmer,WR,BUF,138.7,0,0,0,0.0,0.0,0,0,0.0,79,49,637,4.4,6.8,10.6,10.4,9.3,7,140.72,7
Demario Douglas,WR,NE,142.0,0,0,0,0.0,0.0,4,21,0.2,86,56,617,3.5,8.7,7.6,0.0,8.2,14,139.84,7
DeAndre Hopkins,WR,BAL,122.7,0,0,0,0.0,0.0,0,0,0.0,67,44,582,3.4,9.2,13.1,16.8,13.0,7,139.76000000000002,7
Brandon Aiyuk,WR,SF,121.6,0,0,0,0.0,0.0,0,0,0.0,67,44,617,2.7,8.7,15.6,13.4,12.6,14,137.6,7
Jayden Higgins,WR,HOU,133.5,0,0,0,0.0,0.0,0,0,0.0,81,49,646,3.5,,,,,6,133.5,7
Jalen Coker,WR,CAR,129.8,0,0,0,0.0,0.0,0,0,0.0,70,45,650,3.3,8.3,0.0,0.0,8.3,14,130.40000000000003,7
Rashod Bateman,WR,BAL,130.6,0,0,0,0.0,0.0,0,0,0.0,69,44,617,4.2,10.2,4.7,8.8,7.9,7,129.76,7
Keon Coleman,WR,BUF,125.3,0,0,0,0.0,0.0,0,0,0.0,64,39,593,4.5,8.3,0.0,0.0,8.3,7,126.80000000000001,7
Marquise Brown,WR,KC,111.8,0,0,0,0.0,0.0,0,0,0.0,68,44,519,2.8,9.0,9.6,12.9,10.5,10,123.03999999999999,7
Michael Wilson,WR,ARI,119.1,0,0,0,0.0,0.0,1,5,0.0,70,44,569,3.0,7.7,8.6,0.0,8.2,8,121.52,7
Pat Bryant,WR,DEN,119.0,0,0,0,0.0,0.0,0,0,0.0,73,43,547,3.6,,,,,12,119.0,7
Rashid Shaheed,WR,NO,108.3,0,0,0,0.0,0.0,9,44,0.4,63,38,490,2.6,12.0,9.9,8.3,10.1,11,118.96000000000001,7
Tyler Lockett,WR,TEN,102.7,0,0,0,0.0,0.0,0,0,0.0,63,40,470,2.7,7.1,11.6,14.8,11.2,10,118.0,7
Cedric Tillman,WR,CLE,118.5,0,0,0,0.0,0.0,3,13,0.1,76,47,539,2.6,7.1,3.1,0.0,5.1,9,111.12,7
Jack Bech,WR,LV,109.5,0,0,0,0.0,0.0,0,0,0.0,68,41,527,2.8,,,,,8,109.5,7
Xavier Legette,WR,CAR,102.9,0,0,0,0.0,0.0,6,30,0.3,67,41,454,2.1,7.8,0.0,0.0,7.8,14,107.28,7
Calvin Austin III,WR,PIT,110.8,0,0,0,0.0,0.0,0,0,0.0,63,39,535,3.1,6.6,3.1,0.0,4.9,5,104.32000000000001,8
Tre Harris,WR,LAC,104.0,0,0,0,0.0,0.0,0,0,0.0,62,37,493,3.1,,,,,12,104.0,8
Darius Slayton,WR,NYG,98.3,0,0,0,0.0,0.0,2,9,0.1,57,35,493,2.1,6.8,8.9,8.0,7.9,14,103.92,8
Alec Pierce,WR,IND,98.0,0,0,0,0.0,0.0,0,0,0.0,53,32,511,2.6,10.1,5.6,7.0,7.6,11,102.72,8
Diontae Johnson,WR,CLE,86.4,0,0,0,0.0,0.0,3,14,0.1,58,36,366,2.0,7.3,11.7,10.3,9.8,9,100.48,8
Noah Brown,WR,WAS,91.5,0,0,0,0.0,0.0,0,0,0.0,54,34,449,2.1,7.8,10.1,7.1,8.3,12,99.76,8
Tre Tucker,WR,LV,99.7,0,0,0,0.0,0.0,10,50,0.4,59,36,471,1.6,7.5,4.4,0.0,6.0,8,98.96000000000001,8
Kyle Williams,WR,NE,97.6,0,0,0,0.0,0.0,0,0,0.0,62,37,439,2.9,,,,,14,97.6,8
Tutu Atwell,WR,LAR,95.7,0,0,0,0.0,0.0,3,13,0.1,56,36,469,1.9,5.8,6.8,4.8,5.8,8,95.12,8
Ray-Ray McCloud,WR,ATL,95.5,0,0,0,0.0,0.0,9,45,0.4,60,38,422,1.5,8.2,2.5,3.4,4.7,5,91.44000000000001,8
Brandin Cooks,WR,NO,73.4,0,0,0,0.0,0.0,2,11,0.1,51,31,305,1.8,6.9,10.6,11.1,9.5,11,89.12,8
Dyami Brown,WR,JAC,99.4,0,0,0,0.0,0.0,2,13,0.1,60,38,476,2.0,4.1,2.0,2.1,2.7,8,88.16000000000001,8
Jalen Tolbert,WR,DAL,89.5,0,0,0,0.0,0.0,0,0,0.0,54,33,407,2.6,8.9,3.5,0.4,4.3,10,85.36000000000001,8
Andrei Iosivas,WR,CIN,84.1,0,0,0,0.0,0.0,0,0,0.0,53,32,392,2.2,7.0,3.1,0.0,5.1,10,83.6,8
Jalen McMillan,WR,TB,62.7,0,0,0,0.0,0.0,2,11,0.1,36,22,275,1.9,10.4,0.0,0.0,10.4,9,83.44,8
Allen Lazard,WR,NYJ,67.7,0,0,0,0.0,0.0,0,0,0.0,43,26,310,1.8,10.5,4.3,11.6,8.8,9,82.32000000000001,8
Adonai Mitchell,WR,IND,88.5,0,0,0,0.0,0.0,6,30,0.3,56,33,393,1.9,3.4,0.0,0.0,3.4,11,81.67999999999999,8
Van Jefferson,WR,TEN,79.2,0,0,0,0.0,0.0,0,0,0.0,51,30,345,2.5,3.7,2.4,7.1,4.4,10,77.44000000000001,8
Tyler Johnson,WR,NYJ,66.7,0,0,0,0.0,0.0,0,0,0.0,41,27,289,1.9,4.1,8.0,0.0,6.1,9,72.88000000000001,8
Marquez Valdes-Scantling,WR,SEA,67.5,0,0,0,0.0,0.0,1,5,0.0,38,22,326,2.1,6.0,3.5,7.2,5.6,8,71.92,8
Roman Wilson,WR,PIT,67.2,0,0,0,0.0,0.0,0,0,0.0,40,25,315,1.9,,,,,5,67.2,8
Greg Dortch,WR,ARI,58.2,0,0,0,0.0,0.0,3,14,0.2,34,22,241,1.7,5.3,4.9,6.9,5.7,8,64.80000000000001,8
Devaughn Vele,WR,DEN,47.2,0,0,0,0.0,0.0,0,0,0.0,28,18,221,1.2,8.2,0.0,0.0,8.2,12,64.0,9
Elijah Moore,WR,BUF,50.1,0,0,0,0.0,0.0,0,2,0.0,32,20,226,1.3,7.1,7.8,5.5,6.8,7,61.84,9
Josh Reynolds,WR,NYJ,46.9,0,0,0,0.0,0.0,0,0,0.0,29,18,222,1.2,4.2,7.5,7.4,6.4,9,58.00000000000001,9
Kalif Raymond,WR,DET,48.8,0,0,0,0.0,0.0,2,12,0.1,27,18,232,1.0,4.2,5.6,6.3,5.4,8,56.32,9
Christian Watson,WR,GB,29.7,0,0,0,0.0,0.0,1,5,0.0,16,10,147,0.8,6.9,11.2,11.7,9.9,5,55.440000000000005,9
Chimere Dike,WR,TEN,54.0,0,0,0,0.0,0.0,0,0,0.0,34,20,250,1.5,,,,,10,54.0,9
Jalen Nailor,WR,MIN,51.0,0,0,0,0.0,0.0,2,13,0.2,31,19,233,1.1,6.1,1.0,5.3,4.1,6,53.92,9
Olamide Zaccheaus,WR,CHI,47.0,0,0,0,0.0,0.0,1,4,0.0,30,19,201,1.3,6.5,2.2,6.4,5.0,5,53.6,9
Dontayvion Wicks,WR,GB,36.3,0,0,0,0.0,0.0,0,0,0.0,24,15,153,1.1,6.5,7.9,0.0,7.2,5,52.08,9
Nick Westbrook-Ikhine,WR,MIA,39.9,0,0,0,0.0,0.0,0,0,0.0,22,13,183,1.4,7.9,5.9,4.8,6.2,12,51.760000000000005,9
Curtis Samuel,WR,BUF,31.4,0,0,0,0.0,0.0,2,9,0.1,17,11,126,1.0,4.5,9.8,10.3,8.2,7,51.36,9
Demarcus Robinson,WR,SF,36.9,0,0,0,0.0,0.0,0,0,0.0,21,13,166,1.2,7.2,6.7,6.1,6.7,14,50.96,9
Jaylin Noel,WR,HOU,50.5,0,0,0,0.0,0.0,0,0,0.0,31,19,243,1.3,,,,,6,50.5,9
Luke McCaffrey,WR,WAS,52.6,0,0,0,0.0,0.0,0,0,0.0,33,20,237,1.5,2.0,0.0,0.0,2.0,12,48.480000000000004,9
DeAndre Carter,WR,CLE,47.9,0,0,0,0.0,0.0,0,0,0.0,31,20,224,1.0,1.8,0.5,6.6,3.0,9,47.92,9
Arian Smith,WR,NYJ,47.5,0,0,0,0.0,0.0,0,0,0.0,31,18,217,1.3,,,,,9,47.5,9
Zay Jones,WR,ARI,28.6,0,0,0,0.0,0.0,0,0,0.0,19,11,139,0.6,1.5,8.7,12.3,7.5,8,46.88,9
Troy Franklin,WR,DEN,41.8,0,0,0,0.0,0.0,1,6,0.1,28,16,182,1.1,4.1,0.0,0.0,4.1,12,46.559999999999995,9
Jalen Royals,WR,KC,45.4,0,0,0,0.0,0.0,0,0,0.0,27,16,206,1.5,,,,,10,45.4,9
Tim Patrick,WR,DET,33.3,0,0,0,0.0,0.0,0,0,0.0,19,12,157,0.9,5.6,0.0,0.0,5.6,8,44.56,9
Jordan Whittington,WR,LAR,40.7,0,0,0,0.0,0.0,0,0,0.0,24,16,184,1.0,3.7,0.0,0.0,3.7,8,44.400000000000006,9
Parker Washington,WR,JAC,33.1,0,0,0,0.0,0.0,0,0,0.0,20,12,155,0.9,5.2,4.3,0.0,4.8,8,41.84,9
Tank Dell,WR,HOU,1.5,0,0,0,0.0,0.0,0,0,0.0,1,1,7,0.0,9.9,14.9,0.0,12.4,6,40.88000000000001,9
Jermaine Burton,WR,CIN,46.8,0,0,0,0.0,0.0,0,0,0.0,28,16,227,1.4,1.0,0.0,0.0,1.0,10,40.64,9
Jahan Dotson,WR,PHI,22.1,0,0,0,0.0,0.0,1,3,0.0,14,9,103,0.5,2.4,7.3,10.8,6.8,9,39.440000000000005,9
Robert Woods,WR,PIT,27.8,0,0,0,0.0,0.0,0,0,0.0,19,12,122,0.7,2.5,6.3,6.8,5.2,5,38.88,9
Malik Washington,WR,MIA,30.5,0,0,0,0.0,0.0,3,17,0.1,19,12,132,0.5,3.9,0.0,0.0,3.9,12,36.88,9
Mecole Hardman Jr.,WR,GB,22.6,0,0,0,0.0,0.0,5,27,0.2,11,7,77,0.6,3.0,2.5,11.6,5.7,5,36.32000000000001,9
Kendrick Bourne,WR,NE,10.6,0,0,0,0.0,0.0,0,1,0.0,7,4,50,0.2,5.3,12.4,5.4,7.7,14,33.120000000000005,9
Jake Bobo,WR,SEA,31.3,0,0,0,0.0,0.0,0,0,0.0,19,12,136,1.0,1.7,3.3,0.0,2.5,8,33.040000000000006,9
Russell Gage,WR,SF,3.6,0,0,0,0.0,0.0,0,0,0.0,2,1,17,0.1,0.0,0.0,9.4,9.4,14,32.96,9
Jalen Reagor,WR,LAC,31.9,0,0,0,0.0,0.0,4,21,0.2,19,11,143,0.6,1.9,1.9,1.9,1.9,12,31.6,9
Derius Davis,WR,LAC,28.7,0,0,0,0.0,0.0,9,44,0.4,14,9,98,0.5,2.8,1.8,0.0,2.3,12,30.32,9
David Moore,WR,CAR,21.5,0,0,0,0.0,0.0,0,1,0.0,14,8,98,0.5,5.0,2.9,0.0,4.0,14,30.0,9
Parris Campbell,WR,DAL,18.2,0,0,0,0.0,0.0,0,0,0.0,11,7,80,0.5,3.0,2.7,8.7,4.8,10,29.92,9
Kavontae Turpin,WR,DAL,24.7,0,0,0,0.0,0.0,6,29,0.2,12,8,94,0.6,5.4,3.7,0.1,3.1,10,29.680000000000003,9
Rondale Moore,WR,MIN,1.8,0,0,0,0.0,0.0,0,0,0.0,1,1,8,0.0,0.0,6.1,11.0,8.6,6,28.96,9
Mack Hollins,WR,NE,10.7,0,0,0,0.0,0.0,0,0,0.0,7,4,46,0.4,5.8,3.3,9.1,6.1,14,28.08,9
K.J. Osborn,WR,WAS,7.1,0,0,0,0.0,0.0,0,0,0.0,4,3,32,0.2,2.3,7.5,9.1,6.3,12,25.84,9
Bo Melton,WR,GB,11.1,0,0,0,0.0,0.0,3,17,0.1,6,3,39,0.2,1.3,9.0,0.0,5.2,5,25.520000000000003,9
Jonathan Mingo,WR,DAL,15.5,0,0,0,0.0,0.0,1,4,0.0,11,7,69,0.3,1.8,5.6,0.0,3.7,10,24.240000000000002,9
Jalin Hyatt,WR,NYG,20.9,0,0,0,0.0,0.0,0,0,0.0,14,8,109,0.3,0.9,3.5,0.0,2.2,14,23.759999999999998,10
Trenton Irwin,WR,JAC,14.3,0,0,0,0.0,0.0,0,0,0.0,9,5,63,0.4,0.6,3.9,7.0,3.8,8,23.6,10
Kayshon Boutte,WR,NE,11.9,0,0,0,0.0,0.0,0,0,0.0,7,4,56,0.3,8.0,0.6,0.0,4.3,14,23.28,10
Juju Smith-Schuster,WR,KC,1.0,0,0,0,0.0,0.0,0,0,0.0,1,0,4,0.0,3.8,5.5,11.6,7.0,10,23.200000000000003,10
A.T. Perry,WR,DEN,4.8,0,0,0,0.0,0.0,0,0,0.0,3,2,23,0.1,0.0,6.0,0.0,6.0,12,23.040000000000003,10
Lil’Jordan Humphrey,WR,NYG,15.4,0,0,0,0.0,0.0,0,0,0.0,10,6,70,0.4,3.8,2.8,0.0,3.3,14,22.880000000000003,10
David Bell,WR,CLE,16.1,0,0,0,0.0,0.0,0,0,0.0,10,7,76,0.3,0.0,3.2,2.8,3.0,9,22.480000000000004,10
Ainias Smith,WR,PHI,18.2,0,0,0,0.0,0.0,4,22,0.1,10,6,67,0.4,2.4,0.0,0.0,2.4,9,22.240000000000002,10
Treylon Burks,WR,TEN,10.5,0,0,0,0.0,0.0,1,6,0.1,6,4,49,0.2,1.4,3.5,7.9,4.3,10,22.16,10
Khadarel Hodge,WR,ATL,19.0,0,0,0,0.0,0.0,0,0,0.0,11,7,91,0.6,1.7,2.2,2.3,2.1,5,21.92,10
Michael Gallup,WR,WAS,1.7,0,0,0,0.0,0.0,0,0,0.0,1,1,8,0.1,0.0,5.1,7.5,6.3,12,21.52,10
Trent Sherfield,WR,DEN,15.7,0,0,0,0.0,0.0,0,0,0.0,10,7,72,0.3,1.3,1.5,4.9,2.6,12,20.880000000000003,10
Terrace Marshall Jr.,WR,PHI,11.7,0,0,0,0.0,0.0,0,0,0.0,7,5,54,0.3,1.0,3.6,6.1,3.6,9,20.880000000000003,10
Chris Moore,WR,WAS,2.3,0,0,0,0.0,0.0,0,0,0.0,1,1,12,0.1,0.0,3.9,7.1,5.5,12,19.44,10
Kristian Wilkerson,WR,BUF,5.8,0,0,0,0.0,0.0,0,0,0.0,4,2,26,0.2,4.5,0.0,0.0,4.5,7,19.04,10
Isaiah Hodgins,WR,SF,4.3,0,0,0,0.0,0.0,0,0,0.0,3,2,20,0.1,1.0,3.5,9.8,4.8,14,18.8,10
Tim Jones,WR,MIN,20.9,0,0,0,0.0,0.0,0,0,0.0,14,9,99,0.4,0.4,1.1,0.4,0.6,6,18.64,10
Dante Pettis,WR,NO,8.0,0,0,0,0.0,0.0,0,0,0.0,6,3,37,0.2,3.8,0.0,3.7,3.8,11,18.560000000000002,10
Tory Horton,WR,SEA,18.5,0,0,0,0.0,0.0,0,0,0.0,11,7,85,0.6,,,,,8,18.5,10
Donovan Peoples-Jones,WR,NO,0.3,0,0,0,0.0,0.0,0,0,0.0,0,0,1,0.0,0.0,1.9,9.4,5.7,11,18.48,10
Cedrick Wilson,WR,NO,10.0,0,0,0,0.0,0.0,0,0,0.0,7,4,48,0.2,3.4,4.6,1.7,3.2,11,18.240000000000002,10
Austin Trammell,WR,JAC,13.4,0,0,0,0.0,0.0,0,0,0.0,9,5,62,0.3,4.0,0.5,0.0,2.3,8,18.08,10
Ben Skowronek,WR,PIT,11.2,0,0,0,0.0,0.0,0,0,0.0,7,4,54,0.2,1.2,1.2,5.9,2.8,5,17.919999999999998,10
Simi Fehoko,WR,ARI,15.9,0,0,0,0.0,0.0,0,0,0.0,11,6,74,0.4,2.0,1.8,1.0,1.6,8,17.840000000000003,10
Hunter Renfrow,WR,CAR,0.6,0,0,0,0.0,0.0,0,0,0.0,0,0,3,0.0,0.0,2.8,7.9,5.4,14,17.76,10
Tylan Wallace,WR,BAL,17.4,0,0,0,0.0,0.0,0,0,0.0,10,7,83,0.5,2.1,0.2,0.9,1.1,7,17.44,10
Bub Means,WR,NO,6.6,0,0,0,0.0,0.0,0,0,0.0,4,3,33,0.1,3.7,0.0,0.0,3.7,11,17.12,10
Ja’Lynn Polk,WR,NE,12.5,0,0,0,0.0,0.0,0,1,0.0,9,5,52,0.3,2.1,0.0,0.0,2.1,14,16.72,10
Malik Heath,WR,GB,10.5,0,0,0,0.0,0.0,0,0,0.0,6,4,44,0.3,2.6,2.5,0.0,2.6,5,16.72,10
Justin Watson,WR,HOU,3.2,0,0,0,0.0,0.0,0,0,0.0,2,1,17,0.1,3.6,5.6,3.4,4.2,6,16.0,10
Ronnie Bell,WR,DET,14.1,0,0,0,0.0,0.0,0,0,0.0,9,5,67,0.4,0.8,2.0,0.0,1.4,8,15.760000000000002,10
Laviska Shenault Jr.,WR,BUF,7.7,0,0,0,0.0,0.0,2,9,0.1,4,3,28,0.1,0.7,2.6,5.5,2.9,7,15.44,10
Xavier Gipson,WR,NYJ,10.4,0,0,0,0.0,0.0,0,0,0.0,7,4,48,0.2,0.9,3.5,0.0,2.2,9,15.360000000000001,10
Konata Mumpfield,WR,LAR,15.3,0,0,0,0.0,0.0,0,0,0.0,9,5,68,0.6,,,,,8,15.3,10
Quez Watkins,WR,ARI,0.8,0,0,0,0.0,0.0,0,0,0.0,0,0,3,0.0,0.0,3.9,4.9,4.4,8,14.720000000000002,10
Brandon Johnson,WR,PIT,7.5,0,0,0,0.0,0.0,0,0,0.0,4,3,36,0.2,0.3,5.5,2.3,2.7,5,14.64,10
Jacob Cowing,WR,SF,13.6,0,0,0,0.0,0.0,0,0,0.0,8,5,64,0.4,1.0,0.0,0.0,1.0,14,14.080000000000002,10
Steven Sims Jr.,WR,SEA,11.9,0,0,0,0.0,0.0,2,8,0.1,6,4,47,0.3,-0.5,1.7,2.6,1.3,8,13.680000000000001,10
Scotty Miller,WR,PIT,9.1,0,0,0,0.0,0.0,0,0,0.0,6,3,45,0.2,0.8,2.3,2.9,2.0,5,13.68,10
Jamal Agnew,WR,ATL,0.5,0,0,0,0.0,0.0,0,0,0.0,0,0,3,0.0,0.0,3.6,4.5,4.1,5,13.52,10
Braxton Berrios,WR,HOU,2.2,0,0,0,0.0,0.0,0,0,0.0,1,1,10,0.1,0.0,3.6,3.6,3.6,6,13.280000000000001,10
Keandre Lambert-Smith,WR,LAC,13.0,0,0,0,0.0,0.0,0,0,0.0,8,5,61,0.4,,,,,12,13.0,10
Isaac TeSlaa,WR,DET,12.7,0,0,0,0.0,0.0,0,0,0.0,8,5,60,0.4,,,,,8,12.7,10
John Metchie III,WR,HOU,3.3,0,0,0,0.0,0.0,0,0,0.0,2,1,15,0.1,4.2,1.9,0.0,3.1,6,12.560000000000002,10
Britain Covey,WR,LAR,9.7,0,0,0,0.0,0.0,0,0,0.0,6,4,42,0.3,2.0,1.0,0.0,1.5,8,12.56,10
Tom Kennedy,WR,DET,3.2,0,0,0,0.0,0.0,0,0,0.0,2,1,15,0.1,0.0,0.0,3.1,3.1,8,12.480000000000002,10
Zach Pascal,WR,NYG,10.4,0,0,0,0.0,0.0,0,0,0.0,7,4,48,0.3,0.0,0.4,2.1,1.3,14,12.48,10
Equanimeous St. Brown,WR,SF,4.4,0,0,0,0.0,0.0,0,0,0.0,3,2,20,0.1,0.0,1.6,3.9,2.8,14,12.48,10
Erik Ezukanma,WR,MIA,12.1,0,0,0,0.0,0.0,0,0,0.0,8,4,62,0.3,,,,,12,12.1,10
Jalen Brooks,WR,DAL,6.7,0,0,0,0.0,0.0,0,0,0.0,4,3,31,0.2,2.5,1.7,0.0,2.1,10,12.080000000000002,10
Devin Duvernay,WR,CHI,1.9,0,0,0,0.0,0.0,0,2,0.0,1,1,7,0.0,1.5,0.5,7.8,3.3,5,12.08,10
Kevin Austin Jr.,WR,NO,1.6,0,0,0,0.0,0.0,0,0,0.0,1,1,7,0.0,3.3,0.0,0.0,3.3,11,11.84,10
Devontez Walker,WR,BAL,8.5,0,0,0,0.0,0.0,0,0,0.0,5,3,41,0.3,1.5,0.0,0.0,1.5,7,11.600000000000001,10
Phillip Dorsett II,WR,LV,0.3,0,0,0,0.0,0.0,0,0,0.0,0,0,1,0.0,0.0,0.0,3.4,3.4,8,11.120000000000001,10
Skyy Moore,WR,KC,0.6,0,0,0,0.0,0.0,0,0,0.0,0,0,3,0.0,0.0,3.8,2.8,3.3,10,11.040000000000001,10
Ashton Dulin,WR,IND,4.4,0,0,0,0.0,0.0,2,8,0.1,2,1,15,0.1,1.2,0.0,3.4,2.3,11,10.879999999999999,10
Jordan Watkins,WR,SF,10.8,0,0,0,0.0,0.0,0,0,0.0,7,4,50,0.3,,,,,14,10.8,10
Tyquan Thornton,WR,KC,0.9,0,0,0,0.0,0.0,0,0,0.0,1,0,4,0.0,1.3,3.0,5.0,3.1,10,10.640000000000002,10
Elic Ayomanor,WR,TEN,10.6,0,0,0,0.0,0.0,0,0,0.0,6,4,50,0.3,,,,,10,10.6,10
Chris Blair,WR,ATL,10.4,0,0,0,0.0,0.0,0,0,0.0,7,4,51,0.2,,,,,5,10.4,10
LaJohntay Wester,WR,BAL,10.3,0,0,0,0.0,0.0,0,0,0.0,6,4,48,0.3,,,,,7,10.3,10
Mason Tipton,WR,NO,4.4,0,0,0,0.0,0.0,0,0,0.0,3,2,20,0.1,2.1,0.0,0.0,2.1,11,10.240000000000002,10
Kyle Philips,WR,LV,0.3,0,0,0,0.0,0.0,0,0,0.0,0,0,1,0.0,0.0,3.4,2.8,3.1,8,10.160000000000002,10
Bryce Oliver,WR,TEN,5.9,0,0,0,0.0,0.0,0,0,0.0,4,2,29,0.1,1.7,0.0,0.0,1.7,10,10.16,10
Xavier Smith,WR,LAR,10.2,0,0,0,0.0,0.0,8,40,0.3,3,2,19,0.1,0.6,0.0,0.0,0.6,8,10.08,10
Dont’e Thornton Jr.,WR,LV,9.8,0,0,0,0.0,0.0,0,0,0.0,6,4,47,0.3,,,,,8,9.8,10
Johnny Wilson,WR,PHI,8.3,0,0,0,0.0,0.0,0,0,0.0,5,3,36,0.3,0.9,0.0,0.0,0.9,9,9.520000000000001,10
Ryan Flournoy,WR,DAL,5.4,0,0,0,0.0,0.0,0,0,0.0,4,2,27,0.1,1.6,0.0,0.0,1.6,10,9.440000000000001,10
Savion Williams,WR,GB,9.3,0,0,0,0.0,0.0,0,0,0.0,6,3,42,0.3,,,,,5,9.3,10
D.J. Montgomery,WR,IND,2.8,0,0,0,0.0,0.0,0,0,0.0,2,1,13,0.1,0.0,2.0,0.0,2.0,11,8.64,10
Jalen Virgil,WR,BUF,4.4,0,0,0,0.0,0.0,0,0,0.0,3,2,20,0.2,0.0,0.0,1.4,1.4,7,8.0,10
David Sills V,WR,ATL,0.5,0,0,0,0.0,0.0,0,0,0.0,0,0,3,0.0,0.0,0.0,2.3,2.3,5,7.76,10
Dan Chisena,WR,CAR,5.4,0,0,0,0.0,0.0,0,0,0.0,3,2,26,0.1,1.0,0.0,0.0,1.0,14,7.5200000000000005,10
Michael Woods II,WR,CLE,2.0,0,0,0,0.0,0.0,0,0,0.0,1,1,9,0.0,2.6,0.0,0.9,1.8,9,7.360000000000001,10
Dee Eskridge,WR,MIA,4.3,0,0,0,0.0,0.0,0,0,0.0,3,2,21,0.1,1.2,0.0,0.0,1.2,12,7.279999999999999,10
Casey Washington,WR,ATL,7.0,0,0,0,0.0,0.0,0,0,0.0,5,3,34,0.2,,,,,5,7.0,10
Ihmir Smith-Marsette,WR,NYG,0.7,0,0,0,0.0,0.0,0,0,0.0,0,0,3,0.0,0.0,2.0,0.0,2.0,14,6.96,10
Luke Floriea,WR,CLE,6.7,0,0,0,0.0,0.0,0,0,0.0,5,3,32,0.1,,,,,9,6.7,10
Gage Larvadain,WR,CLE,6.7,0,0,0,0.0,0.0,0,0,0.0,5,3,32,0.1,,,,,9,6.7,10
Kisean Johnson,WR,CLE,6.7,0,0,0,0.0,0.0,0,0,0.0,5,3,32,0.1,,,,,9,6.7,10
Cade McDonald,WR,CLE,6.7,0,0,0,0.0,0.0,0,0,0.0,5,3,32,0.1,,,,,9,6.7,10
Xavier Hutchinson,WR,HOU,2.3,0,0,0,0.0,0.0,0,0,0.0,2,1,11,0.0,1.4,1.5,0.0,1.5,6,6.640000000000001,10
Jamari Thrash,WR,CLE,5.6,0,0,0,0.0,0.0,0,0,0.0,4,2,27,0.1,0.6,0.0,0.0,0.6,9,6.3999999999999995,10
Laquon Treadwell,WR,IND,3.1,0,0,0,0.0,0.0,0,0,0.0,2,1,14,0.1,0.0,0.7,1.7,1.2,11,6.32,10
Malik Taylor,WR,DET,3.8,0,0,0,0.0,0.0,0,0,0.0,2,1,18,0.1,0.0,1.0,0.0,1.0,8,6.24,10
Montorie Foster Jr.,WR,SEA,6.1,0,0,0,0.0,0.0,0,0,0.0,4,2,28,0.2,,,,,8,6.1,10
Ricky White III,WR,SEA,6.1,0,0,0,0.0,0.0,0,0,0.0,4,2,28,0.2,,,,,8,6.1,10
Tyrone Broden,WR,SEA,6.1,0,0,0,0.0,0.0,0,0,0.0,4,2,28,0.2,,,,,8,6.1,10
Silas Bolden,WR,MIN,6.1,0,0,0,0.0,0.0,0,0,0.0,4,2,29,0.2,,,,,6,6.1,10
Robert Lewis,WR,MIN,6.1,0,0,0,0.0,0.0,0,0,0.0,4,2,29,0.2,,,,,6,6.1,10
Dontae Fleming,WR,MIN,6.1,0,0,0,0.0,0.0,0,0,0.0,4,2,29,0.2,,,,,6,6.1,10
Myles Price,WR,MIN,6.1,0,0,0,0.0,0.0,0,0,0.0,4,2,29,0.2,,,,,6,6.1,10
John Rhys Plumlee,WR,SEA,5.9,0,0,0,0.0,0.0,0,0,0.0,4,2,27,0.2,,,,,8,5.9,10
Trishton Jackson,WR,ARI,5.9,0,0,0,0.0,0.0,0,0,0.0,3,2,26,0.2,0.0,0.3,0.0,0.3,8,5.680000000000001,10
Elijah Cooks,WR,PHI,4.2,0,0,0,0.0,0.0,0,0,0.0,2,2,19,0.1,0.0,0.7,0.0,0.7,9,5.6,10
James Proche,WR,TEN,5.7,0,0,0,0.0,0.0,0,0,0.0,4,2,27,0.1,0.7,-0.7,0.9,0.3,10,5.5200000000000005,10
Tyler Scott,WR,CHI,2.5,0,0,0,0.0,0.0,0,0,0.0,2,1,11,0.1,0.1,2.1,0.0,1.1,5,5.5200000000000005,10
Brennan Presley,WR,LAR,5.4,0,0,0,0.0,0.0,0,0,0.0,3,2,24,0.2,,,,,8,5.4,10
Mario Williams,WR,LAR,5.4,0,0,0,0.0,0.0,0,0,0.0,3,2,24,0.2,,,,,8,5.4,10
Tru Edwards,WR,LAR,5.4,0,0,0,0.0,0.0,0,0,0.0,3,2,24,0.2,,,,,8,5.4,10
Cody White,WR,SEA,1.5,0,0,0,0.0,0.0,0,0,0.0,1,1,7,0.0,1.5,0.0,1.0,1.3,8,5.36,10
Jaylin Lane,WR,WAS,5.3,0,0,0,0.0,0.0,0,0,0.0,3,2,24,0.2,,,,,12,5.3,10
Quintez Cephus,WR,SF,3.4,0,0,0,0.0,0.0,0,0,0.0,2,1,16,0.1,0.0,0.0,0.8,0.8,14,5.280000000000001,10
Samori Toure,WR,CHI,0.6,0,0,0,0.0,0.0,0,0,0.0,1,0,3,0.0,0.0,1.2,1.7,1.5,5,5.280000000000001,10
Malachi Corley,WR,NYJ,4.1,0,0,0,0.0,0.0,1,5,0.0,2,1,14,0.1,0.6,0.0,0.0,0.6,9,5.199999999999999,10
Dareke Young,WR,SEA,5.2,0,0,0,0.0,0.0,0,0,0.0,3,2,24,0.1,0.0,0.0,0.3,0.3,8,5.12,10
Andre Baccellia,WR,ARI,0.8,0,0,0,0.0,0.0,0,0,0.0,0,0,3,0.0,0.0,0.0,1.4,1.4,8,5.119999999999999,10
Stephen Gosnell,WR,BUF,5.1,0,0,0,0.0,0.0,0,0,0.0,3,2,23,0.2,,,,,7,5.1,10
Monaray Baldwin,WR,MIA,5.1,0,0,0,0.0,0.0,0,0,0.0,3,2,23,0.2,,,,,12,5.1,10
Theo Wease Jr.,WR,MIA,5.1,0,0,0,0.0,0.0,0,0,0.0,3,2,23,0.2,,,,,12,5.1,10
A.J. Henning,WR,MIA,5.1,0,0,0,0.0,0.0,0,0,0.0,3,2,23,0.2,,,,,12,5.1,10
Andrew Armstrong,WR,MIA,5.1,0,0,0,0.0,0.0,0,0,0.0,3,2,23,0.2,,,,,12,5.1,10
Bryson Green,WR,ARI,4.9,0,0,0,0.0,0.0,0,0,0.0,3,2,23,0.2,,,,,8,4.9,10
Montrell Washington,WR,NYG,4.4,0,0,0,0.0,0.0,0,0,0.0,3,2,21,0.1,0.0,0.0,0.4,0.4,14,4.800000000000001,10
Tyrell Shavers,WR,BUF,4.8,0,0,0,0.0,0.0,0,0,0.0,3,2,21,0.2,,,,,7,4.8,10
Jimmy Horn Jr.,WR,CAR,4.8,0,0,0,0.0,0.0,0,0,0.0,3,2,23,0.1,,,,,14,4.8,10
Tarik Black,WR,MIA,4.8,0,0,0,0.0,0.0,0,0,0.0,3,2,22,0.1,,,,,12,4.8,10
Tahj Washington,WR,MIA,4.8,0,0,0,0.0,0.0,0,0,0.0,3,2,22,0.1,,,,,12,4.8,10
Kobe Hudson,WR,CAR,4.8,0,0,0,0.0,0.0,0,0,0.0,3,2,23,0.1,,,,,14,4.8,10
Jacolby George,WR,CAR,4.8,0,0,0,0.0,0.0,0,0,0.0,3,2,23,0.1,,,,,14,4.8,10
Courtney Jackson,WR,DEN,4.7,0,0,0,0.0,0.0,0,0,0.0,3,2,22,0.1,,,,,12,4.7,10
Jerjuan Newton,WR,DEN,4.7,0,0,0,0.0,0.0,0,0,0.0,3,2,22,0.1,,,,,12,4.7,10
Kyrese White,WR,DEN,4.7,0,0,0,0.0,0.0,0,0,0.0,3,2,22,0.1,,,,,12,4.7,10
Joaquin Davis,WR,DEN,4.7,0,0,0,0.0,0.0,0,0,0.0,3,2,22,0.1,,,,,12,4.7,10
T.J. Luther,WR,CAR,4.5,0,0,0,0.0,0.0,0,0,0.0,3,2,21,0.1,,,,,14,4.5,10
Landon Parker,WR,IND,4.5,0,0,0,0.0,0.0,0,0,0.0,3,2,21,0.1,,,,,11,4.5,10
Coleman Owen,WR,IND,4.5,0,0,0,0.0,0.0,0,0,0.0,3,2,21,0.1,,,,,11,4.5,10
Tyler Kahmann,WR,IND,4.5,0,0,0,0.0,0.0,0,0,0.0,3,2,21,0.1,,,,,11,4.5,10
Blayne Taylor,WR,IND,4.5,0,0,0,0.0,0.0,0,0,0.0,3,2,21,0.1,,,,,11,4.5,10
Dalevon Campbell,WR,LAC,4.3,0,0,0,0.0,0.0,0,0,0.0,3,2,20,0.1,,,,,12,4.3,10
Luke Grimm,WR,LAC,4.3,0,0,0,0.0,0.0,0,0,0.0,3,2,20,0.1,,,,,12,4.3,10
Quincy Skinner Jr.,WR,ATL,4.2,0,0,0,0.0,0.0,0,0,0.0,3,2,19,0.1,,,,,5,4.2,10
Nick Nash,WR,ATL,4.2,0,0,0,0.0,0.0,0,0,0.0,3,2,19,0.1,,,,,5,4.2,10
Jakobie Keeney-James,WR,DET,4.1,0,0,0,0.0,0.0,0,0,0.0,2,2,19,0.1,,,,,8,4.1,10
Jackson Meeks,WR,DET,4.1,0,0,0,0.0,0.0,0,0,0.0,2,2,19,0.1,,,,,8,4.1,10
Dominic Lovett,WR,DET,4.1,0,0,0,0.0,0.0,0,0,0.0,2,2,19,0.1,,,,,8,4.1,10
Makai Polk,WR,ATL,4.1,0,0,0,0.0,0.0,0,0,0.0,3,2,19,0.1,,,,,5,4.1,10
Alex Bachman,WR,LV,0.3,0,0,0,0.0,0.0,0,0,0.0,0,0,2,0.0,1.2,0.0,0.0,1.2,8,4.08,10
Charlie Jones,WR,CIN,1.4,0,0,0,0.0,0.0,0,0,0.0,1,1,7,0.0,-0.1,1.8,0.0,0.9,10,4.0,10
K.J. Hamler,WR,BUF,4.9,0,0,0,0.0,0.0,0,0,0.0,3,2,22,0.2,0.0,0.0,0.0,0.0,7,3.9200000000000004,10
Mason Kinsey,WR,TEN,3.3,0,0,0,0.0,0.0,0,0,0.0,2,1,15,0.1,0.5,0.2,0.0,0.4,10,3.9200000000000004,10
Keith Kirkwood,WR,BAL,0.5,0,0,0,0.0,0.0,0,0,0.0,0,0,2,0.0,0.0,1.1,0.0,1.1,7,3.9200000000000004,10
Jesse Matthews,WR,ATL,3.9,0,0,0,0.0,0.0,0,0,0.0,3,2,18,0.1,,,,,5,3.9,10
Jaylen Johnson,WR,LAC,3.9,0,0,0,0.0,0.0,0,0,0.0,2,1,18,0.1,,,,,12,3.9,10
Chandler Brayboy,WR,JAC,3.8,0,0,0,0.0,0.0,0,0,0.0,2,1,18,0.1,,,,,8,3.8,10
J.J. Jones,WR,JAC,3.8,0,0,0,0.0,0.0,0,0,0.0,2,1,18,0.1,,,,,8,3.8,10
Quentin Skinner,WR,NYJ,3.8,0,0,0,0.0,0.0,0,0,0.0,2,1,18,0.1,,,,,9,3.8,10
Jamaal Pritchett,WR,NYJ,3.8,0,0,0,0.0,0.0,0,0,0.0,2,1,18,0.1,,,,,9,3.8,10
Eli Pancol,WR,JAC,3.8,0,0,0,0.0,0.0,0,0,0.0,2,1,18,0.1,,,,,8,3.8,10
Dymere Miller,WR,NYJ,3.8,0,0,0,0.0,0.0,0,0,0.0,2,1,18,0.1,,,,,9,3.8,10
Ke’Shawn Williams,WR,PIT,3.7,0,0,0,0.0,0.0,0,0,0.0,2,1,17,0.1,,,,,5,3.7,10
Ontaria Wilson,WR,NYJ,3.7,0,0,0,0.0,0.0,0,0,0.0,2,1,17,0.1,,,,,9,3.7,10
Roc Taylor,WR,PIT,3.7,0,0,0,0.0,0.0,0,0,0.0,2,1,17,0.1,,,,,5,3.7,10
Dalen Cambre,WR,NYG,3.6,0,0,0,0.0,0.0,0,0,0.0,2,1,17,0.1,,,,,14,3.6,10
Beaux Collins,WR,NYG,3.6,0,0,0,0.0,0.0,0,0,0.0,2,1,17,0.1,,,,,14,3.6,10
Isaiah Neyor,WR,SF,3.6,0,0,0,0.0,0.0,0,0,0.0,2,1,17,0.1,,,,,14,3.6,10
Brenden Rice,WR,LAC,3.6,0,0,0,0.0,0.0,0,0,0.0,2,1,17,0.1,,,,,12,3.6,10
Antwane Wells Jr.,WR,NYG,3.6,0,0,0,0.0,0.0,0,0,0.0,2,1,17,0.1,,,,,14,3.6,10
Da’Quan Felton,WR,NYG,3.6,0,0,0,0.0,0.0,0,0,0.0,2,1,17,0.1,,,,,14,3.6,10
Junior Bergen,WR,SF,3.6,0,0,0,0.0,0.0,0,0,0.0,2,1,17,0.1,,,,,14,3.6,10
Jordan Bly,WR,NYG,3.6,0,0,0,0.0,0.0,0,0,0.0,2,1,17,0.1,,,,,14,3.6,10
Mike Strachan,WR,WAS,0.4,0,0,0,0.0,0.0,0,0,0.0,0,0,1,0.0,0.0,1.3,0.6,1.0,12,3.5200000000000005,10
Jahmal Banks,WR,BAL,3.4,0,0,0,0.0,0.0,0,0,0.0,2,1,16,0.1,,,,,7,3.4,10
Xavier Guillory,WR,BAL,3.4,0,0,0,0.0,0.0,0,0,0.0,2,1,16,0.1,,,,,7,3.4,10
Brycen Tremayne,WR,CAR,3.4,0,0,0,0.0,0.0,0,0,0.0,2,1,16,0.1,,,,,14,3.4,10
Taylor Morin,WR,PHI,3.3,0,0,0,0.0,0.0,0,0,0.0,2,1,15,0.1,,,,,9,3.3,10
Darius Cooper,WR,PHI,3.3,0,0,0,0.0,0.0,0,0,0.0,2,1,15,0.1,,,,,9,3.3,10
Giles Jackson,WR,PHI,3.3,0,0,0,0.0,0.0,0,0,0.0,2,1,15,0.1,,,,,9,3.3,10
Malik Knowles,WR,SF,3.3,0,0,0,0.0,0.0,0,0,0.0,2,1,15,0.1,,,,,14,3.3,10
Brandon Smith,WR,NYJ,3.3,0,0,0,0.0,0.0,0,0,0.0,2,1,15,0.1,,,,,9,3.3,10
Jha’Quan Jackson,WR,TEN,3.7,0,0,0,0.0,0.0,1,5,0.0,2,1,15,0.1,0.1,0.0,0.0,0.1,10,3.2800000000000002,10
Danny Gray,WR,PHI,3.3,0,0,0,0.0,0.0,0,0,0.0,2,1,15,0.1,0.0,0.0,0.2,0.2,9,3.2800000000000002,10
Dez Fitzpatrick,WR,LAC,4.1,0,0,0,0.0,0.0,0,0,0.0,2,1,19,0.1,0.0,0.0,0.0,0.0,12,3.28,10
Anthony Gould,WR,IND,3.2,0,0,0,0.0,0.0,0,0,0.0,2,1,16,0.1,,,,,11,3.2,10
Bryce Ford-Wheaton,WR,NYG,3.2,0,0,0,0.0,0.0,0,0,0.0,2,1,15,0.1,,,,,14,3.2,10
Cornelius Johnson,WR,GB,3.2,0,0,0,0.0,0.0,0,0,0.0,2,1,14,0.1,,,,,5,3.2,10
Joshua Cephus,WR,JAC,3.2,0,0,0,0.0,0.0,0,0,0.0,2,1,15,0.1,,,,,8,3.2,10
TJ Sheffield,WR,TEN,3.2,0,0,0,0.0,0.0,0,0,0.0,2,1,15,0.1,,,,,10,3.2,10
Irvin Charles,WR,NYJ,3.1,0,0,0,0.0,0.0,0,0,0.0,2,1,14,0.1,,,,,9,3.1,10
Isaiah Williams,WR,CIN,2.6,0,0,0,0.0,0.0,0,0,0.0,2,1,13,0.1,0.3,0.0,0.0,0.3,10,3.04,10
Demetric Felton,WR,WAS,1.7,0,0,0,0.0,0.0,0,0,0.0,1,1,8,0.1,0.0,0.0,0.4,0.4,12,2.6400000000000006,10
Lance McCutcheon,WR,PIT,2.6,0,0,0,0.0,0.0,0,0,0.0,2,1,12,0.1,,,,,5,2.6,10
Josh Kelly,WR,DAL,2.2,0,0,0,0.0,0.0,0,0,0.0,1,1,10,0.1,,,,,10,2.2,10
Traeshon Holden,WR,DAL,2.2,0,0,0,0.0,0.0,0,0,0.0,1,1,10,0.1,,,,,10,2.2,10
Anthony Miller,WR,BAL,2.7,0,0,0,0.0,0.0,0,0,0.0,2,1,13,0.1,0.0,0.0,0.0,0.0,7,2.16,10
Kelvin Harmon,WR,DAL,2.1,0,0,0,0.0,0.0,0,0,0.0,1,1,10,0.1,,,,,10,2.1,10
Kaden Davis,WR,CLE,1.9,0,0,0,0.0,0.0,0,0,0.0,1,1,9,0.0,,,,,9,1.9,10
Lucky Jackson,WR,MIN,1.8,0,0,0,0.0,0.0,0,0,0.0,1,1,8,0.0,,,,,6,1.8,10
Thayer Thomas,WR,MIN,1.8,0,0,0,0.0,0.0,0,0,0.0,1,1,8,0.0,,,,,6,1.8,10
Jacoby Jones,WR,WAS,1.7,0,0,0,0.0,0.0,0,0,0.0,1,1,8,0.1,,,,,12,1.7,10
Tay Martin,WR,WAS,1.7,0,0,0,0.0,0.0,0,0,0.0,1,1,8,0.1,,,,,12,1.7,10
Ja’Corey Brooks,WR,WAS,1.7,0,0,0,0.0,0.0,0,0,0.0,1,1,8,0.1,,,,,12,1.7,10
Tai Felton,WR,MIN,1.7,0,0,0,0.0,0.0,0,0,0.0,1,1,8,0.0,,,,,6,1.7,10
Kaden Prather,WR,BUF,1.6,0,0,0,0.0,0.0,0,0,0.0,1,1,7,0.1,,,,,7,1.6,10
Kazmeir Allen,WR,WAS,1.6,0,0,0,0.0,0.0,0,0,0.0,1,1,7,0.1,,,,,12,1.6,10
Chris Tyree,WR,NO,1.6,0,0,0,0.0,0.0,0,0,0.0,1,1,7,0.0,,,,,11,1.6,10
Moochie Dixon,WR,NO,1.6,0,0,0,0.0,0.0,0,0,0.0,1,1,7,0.0,,,,,11,1.6,10
Miles Boykin,WR,CHI,0.8,0,0,0,0.0,0.0,0,0,0.0,1,0,3,0.0,0.0,0.3,0.2,0.3,5,1.6,10
Collin Johnson,WR,LV,0.3,0,0,0,0.0,0.0,0,0,0.0,0,0,2,0.0,0.1,0.7,0.0,0.4,8,1.5200000000000002,10
Jamoi Mayes,WR,CIN,1.5,0,0,0,0.0,0.0,0,0,0.0,1,1,7,0.0,,,,,10,1.5,10
Mitchell Tinsley,WR,CIN,1.5,0,0,0,0.0,0.0,0,0,0.0,1,1,7,0.0,,,,,10,1.5,10
Xavier Weaver,WR,ARI,1.5,0,0,0,0.0,0.0,0,0,0.0,1,1,8,0.0,,,,,8,1.5,10
Rashod Owens,WR,CIN,1.5,0,0,0,0.0,0.0,0,0,0.0,1,1,7,0.0,,,,,10,1.5,10
Jordan Moore,WR,CIN,1.5,0,0,0,0.0,0.0,0,0,0.0,1,1,7,0.0,,,,,10,1.5,10
Kendric Pryor,WR,CIN,1.4,0,0,0,0.0,0.0,0,0,0.0,1,1,7,0.0,,,,,10,1.4,10
Javon Baker,WR,NE,0.9,0,0,0,0.0,0.0,0,0,0.0,1,0,5,0.0,0.2,0.0,0.0,0.2,14,1.3600000000000003,10
Dylan Drummond,WR,ATL,1.3,0,0,0,0.0,0.0,0,0,0.0,1,1,6,0.0,,,,,5,1.3,10
Jahdae Walker,WR,CHI,1.3,0,0,0,0.0,0.0,0,0,0.0,1,1,6,0.0,,,,,5,1.3,10
Jeremiah Webb,WR,NE,1.3,0,0,0,0.0,0.0,0,0,0.0,1,1,6,0.0,,,,,14,1.3,10
Efton Chism III,WR,NE,1.3,0,0,0,0.0,0.0,0,0,0.0,1,1,6,0.0,,,,,14,1.3,10
Demeer Blankumsee,WR,NE,1.3,0,0,0,0.0,0.0,0,0,0.0,1,1,6,0.0,,,,,14,1.3,10
JP Richardson,WR,CHI,1.3,0,0,0,0.0,0.0,0,0,0.0,1,1,6,0.0,,,,,5,1.3,10
Xavier Restrepo,WR,TEN,0.9,0,0,0,0.0,0.0,0,0,0.0,1,0,4,0.0,,,,,10,0.9,10
Maurice Alexander,WR,CHI,0.8,0,0,0,0.0,0.0,0,0,0.0,1,0,3,0.0,,,,,5,0.8,10
Daniel Jackson,WR,HOU,0.7,0,0,0,0.0,0.0,0,0,0.0,0,0,3,0.0,,,,,6,0.7,10
Jared Wayne,WR,HOU,0.7,0,0,0,0.0,0.0,0,0,0.0,0,0,3,0.0,,,,,6,0.7,10
Michael Bandy,WR,DEN,0.5,0,0,0,0.0,0.0,0,0,0.0,0,0,3,0.0,,,,,12,0.5,10
Dee Williams,WR,NYG,0.5,0,0,0,0.0,0.0,0,0,0.0,0,0,3,0.0,,,,,14,0.5,10
Malik Cunningham,WR,BAL,0.5,0,0,0,0.0,0.0,0,0,0.0,0,0,2,0.0,,,,,7,0.5,10
Seth Williams,WR,LV,0.3,0,0,0,0.0,0.0,0,0,0.0,0,0,2,0.0,,,,,8,0.3,10
Ketron Jackson Jr.,WR,LV,0.3,0,0,0,0.0,0.0,0,0,0.0,0,0,2,0.0,,,,,8,0.3,10
Shedrick Jackson,WR,LV,0.3,0,0,0,0.0,0.0,0,0,0.0,0,0,1,0.0,,,,,8,0.3,10
Elijhah Badger,WR,KC,0.2,0,0,0,0.0,0.0,0,0,0.0,0,0,1,0.0,,,,,10,0.2,10
Johnny Johnson III,WR,HOU,0.2,0,0,0,0.0,0.0,0,0,0.0,0,0,1,0.0,,,,,6,0.2,10
Nikko Remigio,WR,KC,0.2,0,0,0,0.0,0.0,0,0,0.0,0,0,1,0.0,,,,,10,0.2,10
Jimmy Holiday,WR,KC,0.2,0,0,0,0.0,0.0,0,0,0.0,0,0,1,0.0,,,,,10,0.2,10
Mac Dalena,WR,KC,0.2,0,0,0,0.0,0.0,0,0,0.0,0,0,1,0.0,,,,,10,0.2,10
